timestamp,elapsed_seconds,current_temp_c,target_temp_c,ssr_output_percent,state,progress_percent,step_name,step_index,total_steps
2025-01-01 10:00:00,0.0,25.00,0.00,100.00,TUNING,0.0,heat,0,2
2025-01-01 10:00:02,0.0,26.68,0.00,100.00,TUNING,0.0,heat,0,2
2025-01-01 10:00:04,0.0,28.35,0.00,100.00,TUNING,0.0,heat,0,2
2025-01-01 10:00:06,0.0,30.01,0.00,100.00,TUNING,0.0,heat,0,2
2025-01-01 10:00:08,0.0,31.67,0.00,100.00,TUNING,0.0,heat,0,2
2025-01-01 10:00:10,0.0,33.31,0.00,100.00,TUNING,0.0,heat,0,2
2025-01-01 10:00:12,0.0,34.94,0.00,100.00,TUNING,0.0,heat,0,2
2025-01-01 10:00:14,0.0,36.57,0.00,100.00,TUNING,0.0,heat,0,2
2025-01-01 10:00:16,0.0,38.18,0.00,100.00,TUNING,0.0,heat,0,2
2025-01-01 10:00:18,0.0,39.79,0.00,100.00,TUNING,0.0,heat,0,2
2025-01-01 10:00:20,0.0,41.38,0.00,100.00,TUNING,0.0,heat,0,2
2025-01-01 10:00:22,0.0,42.97,0.00,100.00,TUNING,0.0,heat,0,2
2025-01-01 10:00:24,0.0,44.55,0.00,100.00,TUNING,0.0,heat,0,2
2025-01-01 10:00:26,0.0,46.12,0.00,100.00,TUNING,0.0,heat,0,2
2025-01-01 10:00:28,0.0,47.68,0.00,100.00,TUNING,0.0,heat,0,2
2025-01-01 10:00:30,0.0,49.23,0.00,100.00,TUNING,0.0,heat,0,2
2025-01-01 10:00:32,0.0,50.78,0.00,100.00,TUNING,0.0,heat,0,2
2025-01-01 10:00:34,0.0,52.31,0.00,100.00,TUNING,0.0,heat,0,2
2025-01-01 10:00:36,0.0,53.83,0.00,100.00,TUNING,0.0,heat,0,2
2025-01-01 10:00:38,0.0,55.35,0.00,100.00,TUNING,0.0,heat,0,2
2025-01-01 10:00:40,0.0,56.86,0.00,100.00,TUNING,0.0,heat,0,2
2025-01-01 10:00:42,0.0,58.36,0.00,100.00,TUNING,0.0,heat,0,2
2025-01-01 10:00:44,0.0,59.85,0.00,100.00,TUNING,0.0,heat,0,2
2025-01-01 10:00:46,0.0,61.33,0.00,100.00,TUNING,0.0,heat,0,2
2025-01-01 10:00:48,0.0,62.81,0.00,100.00,TUNING,0.0,heat,0,2
2025-01-01 10:00:50,0.0,64.27,0.00,100.00,TUNING,0.0,heat,0,2
2025-01-01 10:00:52,0.0,65.73,0.00,100.00,TUNING,0.0,heat,0,2
2025-01-01 10:00:54,0.0,67.18,0.00,100.00,TUNING,0.0,heat,0,2
2025-01-01 10:00:56,0.0,68.62,0.00,100.00,TUNING,0.0,heat,0,2
2025-01-01 10:00:58,0.0,70.05,0.00,100.00,TUNING,0.0,heat,0,2
2025-01-01 10:01:00,0.0,71.47,0.00,100.00,TUNING,0.0,heat,0,2
2025-01-01 10:01:02,0.0,72.89,0.00,100.00,TUNING,0.0,heat,0,2
2025-01-01 10:01:04,0.0,74.30,0.00,100.00,TUNING,0.0,heat,0,2
2025-01-01 10:01:06,0.0,75.70,0.00,100.00,TUNING,0.0,heat,0,2
2025-01-01 10:01:08,0.0,77.09,0.00,100.00,TUNING,0.0,heat,0,2
2025-01-01 10:01:10,0.0,78.47,0.00,100.00,TUNING,0.0,heat,0,2
2025-01-01 10:01:12,0.0,79.85,0.00,100.00,TUNING,0.0,heat,0,2
2025-01-01 10:01:14,0.0,81.22,0.00,100.00,TUNING,0.0,heat,0,2
2025-01-01 10:01:16,0.0,82.58,0.00,100.00,TUNING,0.0,heat,0,2
2025-01-01 10:01:18,0.0,83.93,0.00,100.00,TUNING,0.0,heat,0,2
2025-01-01 10:01:20,0.0,85.28,0.00,100.00,TUNING,0.0,heat,0,2
2025-01-01 10:01:22,0.0,86.61,0.00,100.00,TUNING,0.0,heat,0,2
2025-01-01 10:01:24,0.0,87.94,0.00,100.00,TUNING,0.0,heat,0,2
2025-01-01 10:01:26,0.0,89.27,0.00,100.00,TUNING,0.0,heat,0,2
2025-01-01 10:01:28,0.0,90.58,0.00,100.00,TUNING,0.0,heat,0,2
2025-01-01 10:01:30,0.0,91.89,0.00,100.00,TUNING,0.0,heat,0,2
2025-01-01 10:01:32,0.0,93.19,0.00,100.00,TUNING,0.0,heat,0,2
2025-01-01 10:01:34,0.0,94.48,0.00,100.00,TUNING,0.0,heat,0,2
2025-01-01 10:01:36,0.0,95.77,0.00,100.00,TUNING,0.0,heat,0,2
2025-01-01 10:01:38,0.0,97.04,0.00,100.00,TUNING,0.0,heat,0,2
2025-01-01 10:01:40,0.0,98.31,0.00,100.00,TUNING,0.0,heat,0,2
2025-01-01 10:01:42,0.0,99.58,0.00,100.00,TUNING,0.0,heat,0,2
2025-01-01 10:01:44,0.0,100.83,0.00,100.00,TUNING,0.0,heat,0,2
2025-01-01 10:01:46,0.0,102.08,0.00,100.00,TUNING,0.0,heat,0,2
2025-01-01 10:01:48,0.0,103.32,0.00,100.00,TUNING,0.0,heat,0,2
2025-01-01 10:01:50,0.0,104.56,0.00,100.00,TUNING,0.0,heat,0,2
2025-01-01 10:01:52,0.0,105.79,0.00,100.00,TUNING,0.0,heat,0,2
2025-01-01 10:01:54,0.0,107.01,0.00,100.00,TUNING,0.0,heat,0,2
2025-01-01 10:01:56,0.0,108.22,0.00,100.00,TUNING,0.0,heat,0,2
2025-01-01 10:01:58,0.0,109.43,0.00,100.00,TUNING,0.0,heat,0,2
2025-01-01 10:02:00,0.0,110.63,0.00,100.00,TUNING,0.0,heat,0,2
2025-01-01 10:02:02,0.0,111.82,0.00,100.00,TUNING,0.0,heat,0,2
2025-01-01 10:02:04,0.0,113.01,0.00,100.00,TUNING,0.0,heat,0,2
2025-01-01 10:02:06,0.0,114.19,0.00,100.00,TUNING,0.0,heat,0,2
2025-01-01 10:02:08,0.0,115.36,0.00,100.00,TUNING,0.0,heat,0,2
2025-01-01 10:02:10,0.0,116.52,0.00,100.00,TUNING,0.0,heat,0,2
2025-01-01 10:02:12,0.0,117.68,0.00,100.00,TUNING,0.0,heat,0,2
2025-01-01 10:02:14,0.0,118.84,0.00,100.00,TUNING,0.0,heat,0,2
2025-01-01 10:02:16,0.0,119.98,0.00,100.00,TUNING,0.0,heat,0,2
2025-01-01 10:02:18,0.0,121.12,0.00,100.00,TUNING,0.0,heat,0,2
2025-01-01 10:02:20,0.0,122.26,0.00,100.00,TUNING,0.0,heat,0,2
2025-01-01 10:02:22,0.0,123.38,0.00,100.00,TUNING,0.0,heat,0,2
2025-01-01 10:02:24,0.0,124.50,0.00,100.00,TUNING,0.0,heat,0,2
2025-01-01 10:02:26,0.0,125.62,0.00,100.00,TUNING,0.0,heat,0,2
2025-01-01 10:02:28,0.0,126.72,0.00,100.00,TUNING,0.0,heat,0,2
2025-01-01 10:02:30,0.0,127.83,0.00,100.00,TUNING,0.0,heat,0,2
2025-01-01 10:02:32,0.0,128.92,0.00,100.00,TUNING,0.0,heat,0,2
2025-01-01 10:02:34,0.0,130.01,0.00,100.00,TUNING,0.0,heat,0,2
2025-01-01 10:02:36,0.0,131.09,0.00,100.00,TUNING,0.0,heat,0,2
2025-01-01 10:02:38,0.0,132.17,0.00,100.00,TUNING,0.0,heat,0,2
2025-01-01 10:02:40,0.0,133.24,0.00,100.00,TUNING,0.0,heat,0,2
2025-01-01 10:02:42,0.0,134.30,0.00,100.00,TUNING,0.0,heat,0,2
2025-01-01 10:02:44,0.0,135.36,0.00,100.00,TUNING,0.0,heat,0,2
2025-01-01 10:02:46,0.0,136.41,0.00,100.00,TUNING,0.0,heat,0,2
2025-01-01 10:02:48,0.0,137.46,0.00,100.00,TUNING,0.0,heat,0,2
2025-01-01 10:02:50,0.0,138.50,0.00,100.00,TUNING,0.0,heat,0,2
2025-01-01 10:02:52,0.0,139.53,0.00,100.00,TUNING,0.0,heat,0,2
2025-01-01 10:02:54,0.0,140.56,0.00,100.00,TUNING,0.0,heat,0,2
2025-01-01 10:02:56,0.0,141.58,0.00,100.00,TUNING,0.0,heat,0,2
2025-01-01 10:02:58,0.0,142.60,0.00,100.00,TUNING,0.0,heat,0,2
2025-01-01 10:03:00,0.0,143.61,0.00,100.00,TUNING,0.0,heat,0,2
2025-01-01 10:03:02,0.0,144.62,0.00,100.00,TUNING,0.0,heat,0,2
2025-01-01 10:03:04,0.0,145.62,0.00,100.00,TUNING,0.0,heat,0,2
2025-01-01 10:03:06,0.0,146.61,0.00,100.00,TUNING,0.0,heat,0,2
2025-01-01 10:03:08,0.0,147.60,0.00,100.00,TUNING,0.0,heat,0,2
2025-01-01 10:03:10,0.0,148.58,0.00,100.00,TUNING,0.0,heat,0,2
2025-01-01 10:03:12,0.0,149.56,0.00,100.00,TUNING,0.0,heat,0,2
2025-01-01 10:03:14,0.0,150.53,0.00,100.00,TUNING,0.0,heat,0,2
2025-01-01 10:03:16,0.0,151.49,0.00,100.00,TUNING,0.0,heat,0,2
2025-01-01 10:03:18,0.0,152.45,0.00,100.00,TUNING,0.0,heat,0,2
2025-01-01 10:03:20,0.0,153.41,0.00,100.00,TUNING,0.0,heat,0,2
2025-01-01 10:03:22,0.0,154.36,0.00,100.00,TUNING,0.0,heat,0,2
2025-01-01 10:03:24,0.0,155.30,0.00,100.00,TUNING,0.0,heat,0,2
2025-01-01 10:03:26,0.0,156.24,0.00,100.00,TUNING,0.0,heat,0,2
2025-01-01 10:03:28,0.0,157.17,0.00,100.00,TUNING,0.0,heat,0,2
2025-01-01 10:03:30,0.0,158.10,0.00,100.00,TUNING,0.0,heat,0,2
2025-01-01 10:03:32,0.0,159.02,0.00,100.00,TUNING,0.0,heat,0,2
2025-01-01 10:03:34,0.0,159.94,0.00,100.00,TUNING,0.0,heat,0,2
2025-01-01 10:03:36,0.0,160.85,0.00,100.00,TUNING,0.0,heat,0,2
2025-01-01 10:03:38,0.0,161.76,0.00,100.00,TUNING,0.0,heat,0,2
2025-01-01 10:03:40,0.0,162.66,0.00,100.00,TUNING,0.0,heat,0,2
2025-01-01 10:03:42,0.0,163.56,0.00,100.00,TUNING,0.0,heat,0,2
2025-01-01 10:03:44,0.0,164.45,0.00,100.00,TUNING,0.0,heat,0,2
2025-01-01 10:03:46,0.0,165.34,0.00,100.00,TUNING,0.0,heat,0,2
2025-01-01 10:03:48,0.0,166.22,0.00,100.00,TUNING,0.0,heat,0,2
2025-01-01 10:03:50,0.0,167.09,0.00,100.00,TUNING,0.0,heat,0,2
2025-01-01 10:03:52,0.0,167.96,0.00,100.00,TUNING,0.0,heat,0,2
2025-01-01 10:03:54,0.0,168.83,0.00,100.00,TUNING,0.0,heat,0,2
2025-01-01 10:03:56,0.0,169.69,0.00,100.00,TUNING,0.0,heat,0,2
2025-01-01 10:03:58,0.0,170.55,0.00,100.00,TUNING,0.0,heat,0,2
2025-01-01 10:04:00,0.0,171.40,0.00,100.00,TUNING,0.0,heat,0,2
2025-01-01 10:04:02,0.0,172.25,0.00,100.00,TUNING,0.0,heat,0,2
2025-01-01 10:04:04,0.0,173.09,0.00,100.00,TUNING,0.0,heat,0,2
2025-01-01 10:04:06,0.0,173.93,0.00,100.00,TUNING,0.0,heat,0,2
2025-01-01 10:04:08,0.0,174.76,0.00,100.00,TUNING,0.0,heat,0,2
2025-01-01 10:04:10,0.0,175.59,0.00,100.00,TUNING,0.0,heat,0,2
2025-01-01 10:04:12,0.0,176.41,0.00,100.00,TUNING,0.0,heat,0,2
2025-01-01 10:04:14,0.0,177.23,0.00,100.00,TUNING,0.0,heat,0,2
2025-01-01 10:04:16,0.0,178.04,0.00,100.00,TUNING,0.0,heat,0,2
2025-01-01 10:04:18,0.0,178.85,0.00,100.00,TUNING,0.0,heat,0,2
2025-01-01 10:04:20,0.0,179.65,0.00,100.00,TUNING,0.0,heat,0,2
2025-01-01 10:04:22,0.0,180.45,0.00,100.00,TUNING,0.0,heat,0,2
2025-01-01 10:04:24,0.0,181.25,0.00,100.00,TUNING,0.0,heat,0,2
2025-01-01 10:04:26,0.0,182.04,0.00,100.00,TUNING,0.0,heat,0,2
2025-01-01 10:04:28,0.0,182.82,0.00,100.00,TUNING,0.0,heat,0,2
2025-01-01 10:04:30,0.0,183.61,0.00,100.00,TUNING,0.0,heat,0,2
2025-01-01 10:04:32,0.0,184.38,0.00,100.00,TUNING,0.0,heat,0,2
2025-01-01 10:04:34,0.0,185.16,0.00,100.00,TUNING,0.0,heat,0,2
2025-01-01 10:04:36,0.0,185.92,0.00,100.00,TUNING,0.0,heat,0,2
2025-01-01 10:04:38,0.0,186.69,0.00,100.00,TUNING,0.0,heat,0,2
2025-01-01 10:04:40,0.0,187.45,0.00,100.00,TUNING,0.0,heat,0,2
2025-01-01 10:04:42,0.0,188.20,0.00,100.00,TUNING,0.0,heat,0,2
2025-01-01 10:04:44,0.0,188.95,0.00,100.00,TUNING,0.0,heat,0,2
2025-01-01 10:04:46,0.0,189.70,0.00,100.00,TUNING,0.0,heat,0,2
2025-01-01 10:04:48,0.0,190.44,0.00,100.00,TUNING,0.0,heat,0,2
2025-01-01 10:04:50,0.0,191.18,0.00,100.00,TUNING,0.0,heat,0,2
2025-01-01 10:04:52,0.0,191.92,0.00,100.00,TUNING,0.0,heat,0,2
2025-01-01 10:04:54,0.0,192.65,0.00,100.00,TUNING,0.0,heat,0,2
2025-01-01 10:04:56,0.0,193.37,0.00,100.00,TUNING,0.0,heat,0,2
2025-01-01 10:04:58,0.0,194.09,0.00,100.00,TUNING,0.0,heat,0,2
2025-01-01 10:05:00,0.0,194.81,0.00,100.00,TUNING,0.0,heat,0,2
2025-01-01 10:05:02,0.0,195.52,0.00,100.00,TUNING,0.0,heat,0,2
2025-01-01 10:05:04,0.0,196.23,0.00,100.00,TUNING,0.0,heat,0,2
2025-01-01 10:05:06,0.0,196.94,0.00,100.00,TUNING,0.0,heat,0,2
2025-01-01 10:05:08,0.0,197.64,0.00,100.00,TUNING,0.0,heat,0,2
2025-01-01 10:05:10,0.0,198.34,0.00,100.00,TUNING,0.0,heat,0,2
2025-01-01 10:05:12,0.0,199.03,0.00,100.00,TUNING,0.0,heat,0,2
2025-01-01 10:05:14,0.0,199.72,0.00,100.00,TUNING,0.0,heat,0,2
2025-01-01 10:05:16,0.0,200.40,0.00,100.00,TUNING,0.0,heat,0,2
2025-01-01 10:05:18,0.0,201.09,0.00,100.00,TUNING,0.0,heat,0,2
2025-01-01 10:05:20,0.0,201.76,0.00,100.00,TUNING,0.0,heat,0,2
2025-01-01 10:05:22,0.0,202.44,0.00,100.00,TUNING,0.0,heat,0,2
2025-01-01 10:05:24,0.0,203.11,0.00,100.00,TUNING,0.0,heat,0,2
2025-01-01 10:05:26,0.0,203.77,0.00,100.00,TUNING,0.0,heat,0,2
2025-01-01 10:05:28,0.0,204.44,0.00,100.00,TUNING,0.0,heat,0,2
2025-01-01 10:05:30,0.0,205.09,0.00,100.00,TUNING,0.0,heat,0,2
2025-01-01 10:05:32,0.0,205.75,0.00,100.00,TUNING,0.0,heat,0,2
2025-01-01 10:05:34,0.0,206.40,0.00,100.00,TUNING,0.0,heat,0,2
2025-01-01 10:05:36,0.0,207.05,0.00,100.00,TUNING,0.0,heat,0,2
2025-01-01 10:05:38,0.0,207.69,0.00,100.00,TUNING,0.0,heat,0,2
2025-01-01 10:05:40,0.0,208.33,0.00,100.00,TUNING,0.0,heat,0,2
2025-01-01 10:05:42,0.0,208.97,0.00,100.00,TUNING,0.0,heat,0,2
2025-01-01 10:05:44,0.0,209.60,0.00,100.00,TUNING,0.0,heat,0,2
2025-01-01 10:05:46,0.0,210.23,0.00,100.00,TUNING,0.0,heat,0,2
2025-01-01 10:05:48,0.0,210.85,0.00,100.00,TUNING,0.0,heat,0,2
2025-01-01 10:05:50,0.0,211.48,0.00,100.00,TUNING,0.0,heat,0,2
2025-01-01 10:05:52,0.0,212.09,0.00,100.00,TUNING,0.0,heat,0,2
2025-01-01 10:05:54,0.0,212.71,0.00,100.00,TUNING,0.0,heat,0,2
2025-01-01 10:05:56,0.0,213.32,0.00,100.00,TUNING,0.0,heat,0,2
2025-01-01 10:05:58,0.0,213.93,0.00,100.00,TUNING,0.0,heat,0,2
2025-01-01 10:06:00,0.0,214.53,0.00,100.00,TUNING,0.0,heat,0,2
2025-01-01 10:06:02,0.0,215.13,0.00,100.00,TUNING,0.0,heat,0,2
2025-01-01 10:06:04,0.0,215.73,0.00,100.00,TUNING,0.0,heat,0,2
2025-01-01 10:06:06,0.0,216.32,0.00,100.00,TUNING,0.0,heat,0,2
2025-01-01 10:06:08,0.0,216.92,0.00,100.00,TUNING,0.0,heat,0,2
2025-01-01 10:06:10,0.0,217.50,0.00,100.00,TUNING,0.0,heat,0,2
2025-01-01 10:06:12,0.0,218.09,0.00,100.00,TUNING,0.0,heat,0,2
2025-01-01 10:06:14,0.0,218.67,0.00,100.00,TUNING,0.0,heat,0,2
2025-01-01 10:06:16,0.0,219.25,0.00,100.00,TUNING,0.0,heat,0,2
2025-01-01 10:06:18,0.0,219.82,0.00,100.00,TUNING,0.0,heat,0,2
2025-01-01 10:06:20,0.0,220.39,0.00,100.00,TUNING,0.0,heat,0,2
2025-01-01 10:06:22,0.0,220.96,0.00,100.00,TUNING,0.0,heat,0,2
2025-01-01 10:06:24,0.0,221.52,0.00,100.00,TUNING,0.0,heat,0,2
2025-01-01 10:06:26,0.0,222.08,0.00,100.00,TUNING,0.0,heat,0,2
2025-01-01 10:06:28,0.0,222.64,0.00,100.00,TUNING,0.0,heat,0,2
2025-01-01 10:06:30,0.0,223.20,0.00,100.00,TUNING,0.0,heat,0,2
2025-01-01 10:06:32,0.0,223.75,0.00,100.00,TUNING,0.0,heat,0,2
2025-01-01 10:06:34,0.0,224.30,0.00,100.00,TUNING,0.0,heat,0,2
2025-01-01 10:06:36,0.0,224.84,0.00,100.00,TUNING,0.0,heat,0,2
2025-01-01 10:06:38,0.0,225.38,0.00,100.00,TUNING,0.0,heat,0,2
2025-01-01 10:06:40,0.0,225.92,0.00,100.00,TUNING,0.0,heat,0,2
2025-01-01 10:06:42,0.0,226.46,0.00,100.00,TUNING,0.0,heat,0,2
2025-01-01 10:06:44,0.0,226.99,0.00,100.00,TUNING,0.0,heat,0,2
2025-01-01 10:06:46,0.0,227.52,0.00,100.00,TUNING,0.0,heat,0,2
2025-01-01 10:06:48,0.0,228.05,0.00,100.00,TUNING,0.0,heat,0,2
2025-01-01 10:06:50,0.0,228.57,0.00,100.00,TUNING,0.0,heat,0,2
2025-01-01 10:06:52,0.0,229.09,0.00,100.00,TUNING,0.0,heat,0,2
2025-01-01 10:06:54,0.0,229.61,0.00,100.00,TUNING,0.0,heat,0,2
2025-01-01 10:06:56,0.0,230.13,0.00,100.00,TUNING,0.0,heat,0,2
2025-01-01 10:06:58,0.0,230.64,0.00,100.00,TUNING,0.0,heat,0,2
2025-01-01 10:07:00,0.0,231.15,0.00,100.00,TUNING,0.0,heat,0,2
2025-01-01 10:07:02,0.0,231.65,0.00,100.00,TUNING,0.0,heat,0,2
2025-01-01 10:07:04,0.0,232.16,0.00,100.00,TUNING,0.0,heat,0,2
2025-01-01 10:07:06,0.0,232.66,0.00,100.00,TUNING,0.0,heat,0,2
2025-01-01 10:07:08,0.0,233.16,0.00,100.00,TUNING,0.0,heat,0,2
2025-01-01 10:07:10,0.0,233.65,0.00,100.00,TUNING,0.0,heat,0,2
2025-01-01 10:07:12,0.0,234.14,0.00,100.00,TUNING,0.0,heat,0,2
2025-01-01 10:07:14,0.0,234.63,0.00,100.00,TUNING,0.0,heat,0,2
2025-01-01 10:07:16,0.0,235.12,0.00,100.00,TUNING,0.0,heat,0,2
2025-01-01 10:07:18,0.0,235.60,0.00,100.00,TUNING,0.0,heat,0,2
2025-01-01 10:07:20,0.0,236.08,0.00,100.00,TUNING,0.0,heat,0,2
2025-01-01 10:07:22,0.0,236.56,0.00,100.00,TUNING,0.0,heat,0,2
2025-01-01 10:07:24,0.0,237.04,0.00,100.00,TUNING,0.0,heat,0,2
2025-01-01 10:07:26,0.0,237.51,0.00,100.00,TUNING,0.0,heat,0,2
2025-01-01 10:07:28,0.0,237.98,0.00,100.00,TUNING,0.0,heat,0,2
2025-01-01 10:07:30,0.0,238.45,0.00,100.00,TUNING,0.0,heat,0,2
2025-01-01 10:07:32,0.0,238.91,0.00,100.00,TUNING,0.0,heat,0,2
2025-01-01 10:07:34,0.0,239.37,0.00,100.00,TUNING,0.0,heat,0,2
2025-01-01 10:07:36,0.0,239.83,0.00,100.00,TUNING,0.0,heat,0,2
2025-01-01 10:07:38,0.0,240.29,0.00,100.00,TUNING,0.0,heat,0,2
2025-01-01 10:07:40,0.0,240.74,0.00,100.00,TUNING,0.0,heat,0,2
2025-01-01 10:07:42,0.0,241.20,0.00,100.00,TUNING,0.0,heat,0,2
2025-01-01 10:07:44,0.0,241.64,0.00,100.00,TUNING,0.0,heat,0,2
2025-01-01 10:07:46,0.0,242.09,0.00,100.00,TUNING,0.0,heat,0,2
2025-01-01 10:07:48,0.0,242.53,0.00,100.00,TUNING,0.0,heat,0,2
2025-01-01 10:07:50,0.0,242.98,0.00,100.00,TUNING,0.0,heat,0,2
2025-01-01 10:07:52,0.0,243.41,0.00,100.00,TUNING,0.0,heat,0,2
2025-01-01 10:07:54,0.0,243.85,0.00,100.00,TUNING,0.0,heat,0,2
2025-01-01 10:07:56,0.0,244.29,0.00,100.00,TUNING,0.0,heat,0,2
2025-01-01 10:07:58,0.0,244.72,0.00,100.00,TUNING,0.0,heat,0,2
2025-01-01 10:08:00,0.0,245.15,0.00,100.00,TUNING,0.0,heat,0,2
2025-01-01 10:08:02,0.0,245.57,0.00,100.00,TUNING,0.0,heat,0,2
2025-01-01 10:08:04,0.0,246.00,0.00,100.00,TUNING,0.0,heat,0,2
2025-01-01 10:08:06,0.0,246.42,0.00,100.00,TUNING,0.0,heat,0,2
2025-01-01 10:08:08,0.0,246.84,0.00,100.00,TUNING,0.0,heat,0,2
2025-01-01 10:08:10,0.0,247.25,0.00,100.00,TUNING,0.0,heat,0,2
2025-01-01 10:08:12,0.0,247.67,0.00,100.00,TUNING,0.0,heat,0,2
2025-01-01 10:08:14,0.0,248.08,0.00,100.00,TUNING,0.0,heat,0,2
2025-01-01 10:08:16,0.0,248.49,0.00,100.00,TUNING,0.0,heat,0,2
2025-01-01 10:08:18,0.0,248.90,0.00,100.00,TUNING,0.0,heat,0,2
2025-01-01 10:08:20,0.0,249.30,0.00,100.00,TUNING,0.0,heat,0,2
2025-01-01 10:08:22,0.0,249.71,0.00,100.00,TUNING,0.0,heat,0,2
2025-01-01 10:08:24,0.0,250.11,0.00,100.00,TUNING,0.0,heat,0,2
2025-01-01 10:08:26,0.0,250.50,0.00,100.00,TUNING,0.0,heat,0,2
2025-01-01 10:08:28,0.0,250.90,0.00,100.00,TUNING,0.0,heat,0,2
2025-01-01 10:08:30,0.0,251.29,0.00,100.00,TUNING,0.0,heat,0,2
2025-01-01 10:08:32,0.0,251.69,0.00,100.00,TUNING,0.0,heat,0,2
2025-01-01 10:08:34,0.0,252.08,0.00,100.00,TUNING,0.0,heat,0,2
2025-01-01 10:08:36,0.0,252.46,0.00,100.00,TUNING,0.0,heat,0,2
2025-01-01 10:08:38,0.0,252.85,0.00,100.00,TUNING,0.0,heat,0,2
2025-01-01 10:08:40,0.0,253.23,0.00,100.00,TUNING,0.0,heat,0,2
2025-01-01 10:08:42,0.0,253.61,0.00,100.00,TUNING,0.0,heat,0,2
2025-01-01 10:08:44,0.0,253.99,0.00,100.00,TUNING,0.0,heat,0,2
2025-01-01 10:08:46,0.0,254.36,0.00,100.00,TUNING,0.0,heat,0,2
2025-01-01 10:08:48,0.0,254.74,0.00,100.00,TUNING,0.0,heat,0,2
2025-01-01 10:08:50,0.0,255.11,0.00,100.00,TUNING,0.0,heat,0,2
2025-01-01 10:08:52,0.0,255.48,0.00,100.00,TUNING,0.0,heat,0,2
2025-01-01 10:08:54,0.0,255.85,0.00,100.00,TUNING,0.0,heat,0,2
2025-01-01 10:08:56,0.0,256.21,0.00,100.00,TUNING,0.0,heat,0,2
2025-01-01 10:08:58,0.0,256.58,0.00,100.00,TUNING,0.0,heat,0,2
2025-01-01 10:09:00,0.0,256.94,0.00,100.00,TUNING,0.0,heat,0,2
2025-01-01 10:09:02,0.0,257.30,0.00,100.00,TUNING,0.0,heat,0,2
2025-01-01 10:09:04,0.0,257.65,0.00,100.00,TUNING,0.0,heat,0,2
2025-01-01 10:09:06,0.0,258.01,0.00,100.00,TUNING,0.0,heat,0,2
2025-01-01 10:09:08,0.0,258.36,0.00,100.00,TUNING,0.0,heat,0,2
2025-01-01 10:09:10,0.0,258.71,0.00,100.00,TUNING,0.0,heat,0,2
2025-01-01 10:09:12,0.0,259.06,0.00,100.00,TUNING,0.0,heat,0,2
2025-01-01 10:09:14,0.0,259.41,0.00,100.00,TUNING,0.0,heat,0,2
2025-01-01 10:09:16,0.0,259.76,0.00,100.00,TUNING,0.0,heat,0,2
2025-01-01 10:09:18,0.0,260.10,0.00,100.00,TUNING,0.0,heat,0,2
2025-01-01 10:09:20,0.0,260.44,0.00,100.00,TUNING,0.0,heat,0,2
2025-01-01 10:09:22,0.0,260.78,0.00,100.00,TUNING,0.0,heat,0,2
2025-01-01 10:09:24,0.0,261.12,0.00,100.00,TUNING,0.0,heat,0,2
2025-01-01 10:09:26,0.0,261.45,0.00,100.00,TUNING,0.0,heat,0,2
2025-01-01 10:09:28,0.0,261.79,0.00,100.00,TUNING,0.0,heat,0,2
2025-01-01 10:09:30,0.0,262.12,0.00,100.00,TUNING,0.0,heat,0,2
2025-01-01 10:09:32,0.0,262.45,0.00,100.00,TUNING,0.0,heat,0,2
2025-01-01 10:09:34,0.0,262.78,0.00,100.00,TUNING,0.0,heat,0,2
2025-01-01 10:09:36,0.0,263.10,0.00,100.00,TUNING,0.0,heat,0,2
2025-01-01 10:09:38,0.0,263.43,0.00,100.00,TUNING,0.0,heat,0,2
2025-01-01 10:09:40,0.0,263.75,0.00,100.00,TUNING,0.0,heat,0,2
2025-01-01 10:09:42,0.0,264.07,0.00,100.00,TUNING,0.0,heat,0,2
2025-01-01 10:09:44,0.0,264.39,0.00,100.00,TUNING,0.0,heat,0,2
2025-01-01 10:09:46,0.0,264.70,0.00,100.00,TUNING,0.0,heat,0,2
2025-01-01 10:09:48,0.0,265.02,0.00,100.00,TUNING,0.0,heat,0,2
2025-01-01 10:09:50,0.0,265.33,0.00,100.00,TUNING,0.0,heat,0,2
2025-01-01 10:09:52,0.0,265.64,0.00,100.00,TUNING,0.0,heat,0,2
2025-01-01 10:09:54,0.0,265.95,0.00,100.00,TUNING,0.0,heat,0,2
2025-01-01 10:09:56,0.0,266.26,0.00,100.00,TUNING,0.0,heat,0,2
2025-01-01 10:09:58,0.0,266.57,0.00,100.00,TUNING,0.0,heat,0,2
2025-01-01 10:10:00,0.0,266.87,0.00,100.00,TUNING,0.0,heat,0,2
2025-01-01 10:10:02,0.0,267.18,0.00,100.00,TUNING,0.0,heat,0,2
2025-01-01 10:10:04,0.0,267.48,0.00,100.00,TUNING,0.0,heat,0,2
2025-01-01 10:10:06,0.0,267.78,0.00,100.00,TUNING,0.0,heat,0,2
2025-01-01 10:10:08,0.0,268.07,0.00,100.00,TUNING,0.0,heat,0,2
2025-01-01 10:10:10,0.0,268.37,0.00,100.00,TUNING,0.0,heat,0,2
2025-01-01 10:10:12,0.0,268.66,0.00,100.00,TUNING,0.0,heat,0,2
2025-01-01 10:10:14,0.0,268.96,0.00,100.00,TUNING,0.0,heat,0,2
2025-01-01 10:10:16,0.0,269.25,0.00,100.00,TUNING,0.0,heat,0,2
2025-01-01 10:10:18,0.0,269.54,0.00,100.00,TUNING,0.0,heat,0,2
2025-01-01 10:10:20,0.0,269.82,0.00,100.00,TUNING,0.0,heat,0,2
2025-01-01 10:10:22,0.0,270.11,0.00,100.00,TUNING,0.0,heat,0,2
2025-01-01 10:10:24,0.0,270.39,0.00,100.00,TUNING,0.0,heat,0,2
2025-01-01 10:10:26,0.0,270.68,0.00,100.00,TUNING,0.0,heat,0,2
2025-01-01 10:10:28,0.0,270.96,0.00,100.00,TUNING,0.0,heat,0,2
2025-01-01 10:10:30,0.0,271.24,0.00,100.00,TUNING,0.0,heat,0,2
2025-01-01 10:10:32,0.0,271.51,0.00,100.00,TUNING,0.0,heat,0,2
2025-01-01 10:10:34,0.0,271.79,0.00,100.00,TUNING,0.0,heat,0,2
2025-01-01 10:10:36,0.0,272.07,0.00,100.00,TUNING,0.0,heat,0,2
2025-01-01 10:10:38,0.0,272.34,0.00,100.00,TUNING,0.0,heat,0,2
2025-01-01 10:10:40,0.0,272.61,0.00,100.00,TUNING,0.0,heat,0,2
2025-01-01 10:10:42,0.0,272.88,0.00,100.00,TUNING,0.0,heat,0,2
2025-01-01 10:10:44,0.0,273.15,0.00,100.00,TUNING,0.0,heat,0,2
2025-01-01 10:10:46,0.0,273.42,0.00,100.00,TUNING,0.0,heat,0,2
2025-01-01 10:10:48,0.0,273.68,0.00,100.00,TUNING,0.0,heat,0,2
2025-01-01 10:10:50,0.0,273.95,0.00,100.00,TUNING,0.0,heat,0,2
2025-01-01 10:10:52,0.0,274.21,0.00,100.00,TUNING,0.0,heat,0,2
2025-01-01 10:10:54,0.0,274.47,0.00,100.00,TUNING,0.0,heat,0,2
2025-01-01 10:10:56,0.0,274.73,0.00,100.00,TUNING,0.0,heat,0,2
2025-01-01 10:10:58,0.0,274.99,0.00,100.00,TUNING,0.0,heat,0,2
2025-01-01 10:11:00,0.0,275.24,0.00,100.00,TUNING,0.0,heat,0,2
2025-01-01 10:11:02,0.0,275.50,0.00,100.00,TUNING,0.0,heat,0,2
2025-01-01 10:11:04,0.0,275.75,0.00,100.00,TUNING,0.0,heat,0,2
2025-01-01 10:11:06,0.0,276.00,0.00,100.00,TUNING,0.0,heat,0,2
2025-01-01 10:11:08,0.0,276.25,0.00,100.00,TUNING,0.0,heat,0,2
2025-01-01 10:11:10,0.0,276.50,0.00,100.00,TUNING,0.0,heat,0,2
2025-01-01 10:11:12,0.0,276.75,0.00,100.00,TUNING,0.0,heat,0,2
2025-01-01 10:11:14,0.0,277.00,0.00,100.00,TUNING,0.0,heat,0,2
2025-01-01 10:11:16,0.0,277.24,0.00,100.00,TUNING,0.0,heat,0,2
2025-01-01 10:11:18,0.0,277.49,0.00,100.00,TUNING,0.0,heat,0,2
2025-01-01 10:11:20,0.0,277.73,0.00,100.00,TUNING,0.0,heat,0,2
2025-01-01 10:11:22,0.0,277.97,0.00,100.00,TUNING,0.0,heat,0,2
2025-01-01 10:11:24,0.0,278.21,0.00,100.00,TUNING,0.0,heat,0,2
2025-01-01 10:11:26,0.0,278.45,0.00,100.00,TUNING,0.0,heat,0,2
2025-01-01 10:11:28,0.0,278.68,0.00,100.00,TUNING,0.0,heat,0,2
2025-01-01 10:11:30,0.0,278.92,0.00,100.00,TUNING,0.0,heat,0,2
2025-01-01 10:11:32,0.0,279.15,0.00,100.00,TUNING,0.0,heat,0,2
2025-01-01 10:11:34,0.0,279.39,0.00,100.00,TUNING,0.0,heat,0,2
2025-01-01 10:11:36,0.0,279.62,0.00,100.00,TUNING,0.0,heat,0,2
2025-01-01 10:11:38,0.0,279.85,0.00,100.00,TUNING,0.0,heat,0,2
2025-01-01 10:11:40,0.0,280.08,0.00,100.00,TUNING,0.0,heat,0,2
2025-01-01 10:11:42,0.0,280.30,0.00,100.00,TUNING,0.0,heat,0,2
2025-01-01 10:11:44,0.0,280.53,0.00,100.00,TUNING,0.0,heat,0,2
2025-01-01 10:11:46,0.0,280.75,0.00,100.00,TUNING,0.0,heat,0,2
2025-01-01 10:11:48,0.0,280.98,0.00,100.00,TUNING,0.0,heat,0,2
2025-01-01 10:11:50,0.0,281.20,0.00,100.00,TUNING,0.0,heat,0,2
2025-01-01 10:11:52,0.0,281.42,0.00,100.00,TUNING,0.0,heat,0,2
2025-01-01 10:11:54,0.0,281.64,0.00,100.00,TUNING,0.0,heat,0,2
2025-01-01 10:11:56,0.0,281.86,0.00,100.00,TUNING,0.0,heat,0,2
2025-01-01 10:11:58,0.0,282.08,0.00,100.00,TUNING,0.0,heat,0,2
2025-01-01 10:12:00,0.0,282.29,0.00,100.00,TUNING,0.0,heat,0,2
2025-01-01 10:12:02,0.0,282.51,0.00,100.00,TUNING,0.0,heat,0,2
2025-01-01 10:12:04,0.0,282.72,0.00,100.00,TUNING,0.0,heat,0,2
2025-01-01 10:12:06,0.0,282.93,0.00,100.00,TUNING,0.0,heat,0,2
2025-01-01 10:12:08,0.0,283.15,0.00,100.00,TUNING,0.0,heat,0,2
2025-01-01 10:12:10,0.0,283.36,0.00,100.00,TUNING,0.0,heat,0,2
2025-01-01 10:12:12,0.0,283.56,0.00,100.00,TUNING,0.0,heat,0,2
2025-01-01 10:12:14,0.0,283.77,0.00,100.00,TUNING,0.0,heat,0,2
2025-01-01 10:12:16,0.0,283.98,0.00,100.00,TUNING,0.0,heat,0,2
2025-01-01 10:12:18,0.0,284.18,0.00,100.00,TUNING,0.0,heat,0,2
2025-01-01 10:12:20,0.0,284.39,0.00,100.00,TUNING,0.0,heat,0,2
2025-01-01 10:12:22,0.0,284.59,0.00,100.00,TUNING,0.0,heat,0,2
2025-01-01 10:12:24,0.0,284.79,0.00,100.00,TUNING,0.0,heat,0,2
2025-01-01 10:12:26,0.0,284.99,0.00,100.00,TUNING,0.0,heat,0,2
2025-01-01 10:12:28,0.0,285.19,0.00,100.00,TUNING,0.0,heat,0,2
2025-01-01 10:12:30,0.0,285.39,0.00,100.00,TUNING,0.0,heat,0,2
2025-01-01 10:12:32,0.0,285.59,0.00,100.00,TUNING,0.0,heat,0,2
2025-01-01 10:12:34,0.0,285.78,0.00,100.00,TUNING,0.0,heat,0,2
2025-01-01 10:12:36,0.0,285.98,0.00,100.00,TUNING,0.0,heat,0,2
2025-01-01 10:12:38,0.0,286.17,0.00,100.00,TUNING,0.0,heat,0,2
2025-01-01 10:12:40,0.0,286.37,0.00,100.00,TUNING,0.0,heat,0,2
2025-01-01 10:12:42,0.0,286.56,0.00,100.00,TUNING,0.0,heat,0,2
2025-01-01 10:12:44,0.0,286.75,0.00,100.00,TUNING,0.0,heat,0,2
2025-01-01 10:12:46,0.0,286.94,0.00,100.00,TUNING,0.0,heat,0,2
2025-01-01 10:12:48,0.0,287.13,0.00,100.00,TUNING,0.0,heat,0,2
2025-01-01 10:12:50,0.0,287.31,0.00,100.00,TUNING,0.0,heat,0,2
2025-01-01 10:12:52,0.0,287.50,0.00,100.00,TUNING,0.0,heat,0,2
2025-01-01 10:12:54,0.0,287.68,0.00,100.00,TUNING,0.0,heat,0,2
2025-01-01 10:12:56,0.0,287.87,0.00,100.00,TUNING,0.0,heat,0,2
2025-01-01 10:12:58,0.0,288.05,0.00,100.00,TUNING,0.0,heat,0,2
2025-01-01 10:13:00,0.0,288.23,0.00,100.00,TUNING,0.0,heat,0,2
2025-01-01 10:13:02,0.0,288.41,0.00,100.00,TUNING,0.0,heat,0,2
2025-01-01 10:13:04,0.0,288.59,0.00,100.00,TUNING,0.0,heat,0,2
2025-01-01 10:13:06,0.0,288.77,0.00,100.00,TUNING,0.0,heat,0,2
2025-01-01 10:13:08,0.0,288.95,0.00,100.00,TUNING,0.0,heat,0,2
2025-01-01 10:13:10,0.0,289.13,0.00,100.00,TUNING,0.0,heat,0,2
2025-01-01 10:13:12,0.0,289.30,0.00,100.00,TUNING,0.0,heat,0,2
2025-01-01 10:13:14,0.0,289.48,0.00,100.00,TUNING,0.0,heat,0,2
2025-01-01 10:13:16,0.0,289.65,0.00,100.00,TUNING,0.0,heat,0,2
2025-01-01 10:13:18,0.0,289.83,0.00,100.00,TUNING,0.0,heat,0,2
2025-01-01 10:13:20,0.0,290.00,0.00,100.00,TUNING,0.0,heat,0,2
2025-01-01 10:13:22,0.0,290.17,0.00,100.00,TUNING,0.0,heat,0,2
2025-01-01 10:13:24,0.0,290.34,0.00,100.00,TUNING,0.0,heat,0,2
2025-01-01 10:13:26,0.0,290.51,0.00,100.00,TUNING,0.0,heat,0,2
2025-01-01 10:13:28,0.0,290.68,0.00,100.00,TUNING,0.0,heat,0,2
2025-01-01 10:13:30,0.0,290.84,0.00,100.00,TUNING,0.0,heat,0,2
2025-01-01 10:13:32,0.0,291.01,0.00,100.00,TUNING,0.0,heat,0,2
2025-01-01 10:13:34,0.0,291.17,0.00,100.00,TUNING,0.0,heat,0,2
2025-01-01 10:13:36,0.0,291.34,0.00,100.00,TUNING,0.0,heat,0,2
2025-01-01 10:13:38,0.0,291.50,0.00,100.00,TUNING,0.0,heat,0,2
2025-01-01 10:13:40,0.0,291.66,0.00,100.00,TUNING,0.0,heat,0,2
2025-01-01 10:13:42,0.0,291.83,0.00,100.00,TUNING,0.0,heat,0,2
2025-01-01 10:13:44,0.0,291.99,0.00,100.00,TUNING,0.0,heat,0,2
2025-01-01 10:13:46,0.0,292.15,0.00,100.00,TUNING,0.0,heat,0,2
2025-01-01 10:13:48,0.0,292.30,0.00,100.00,TUNING,0.0,heat,0,2
2025-01-01 10:13:50,0.0,292.46,0.00,100.00,TUNING,0.0,heat,0,2
2025-01-01 10:13:52,0.0,292.62,0.00,100.00,TUNING,0.0,heat,0,2
2025-01-01 10:13:54,0.0,292.78,0.00,100.00,TUNING,0.0,heat,0,2
2025-01-01 10:13:56,0.0,292.93,0.00,100.00,TUNING,0.0,heat,0,2
2025-01-01 10:13:58,0.0,293.08,0.00,100.00,TUNING,0.0,heat,0,2
2025-01-01 10:14:00,0.0,293.24,0.00,100.00,TUNING,0.0,heat,0,2
2025-01-01 10:14:02,0.0,293.39,0.00,100.00,TUNING,0.0,heat,0,2
2025-01-01 10:14:04,0.0,293.54,0.00,100.00,TUNING,0.0,heat,0,2
2025-01-01 10:14:06,0.0,293.69,0.00,100.00,TUNING,0.0,heat,0,2
2025-01-01 10:14:08,0.0,293.84,0.00,100.00,TUNING,0.0,heat,0,2
2025-01-01 10:14:10,0.0,293.99,0.00,100.00,TUNING,0.0,heat,0,2
2025-01-01 10:14:12,0.0,294.14,0.00,100.00,TUNING,0.0,heat,0,2
2025-01-01 10:14:14,0.0,294.29,0.00,100.00,TUNING,0.0,heat,0,2
2025-01-01 10:14:16,0.0,294.43,0.00,100.00,TUNING,0.0,heat,0,2
2025-01-01 10:14:18,0.0,294.58,0.00,100.00,TUNING,0.0,heat,0,2
2025-01-01 10:14:20,0.0,294.72,0.00,100.00,TUNING,0.0,heat,0,2
2025-01-01 10:14:22,0.0,294.87,0.00,100.00,TUNING,0.0,heat,0,2
2025-01-01 10:14:24,0.0,295.01,0.00,100.00,TUNING,0.0,heat,0,2
2025-01-01 10:14:26,0.0,295.15,0.00,100.00,TUNING,0.0,heat,0,2
2025-01-01 10:14:28,0.0,295.30,0.00,100.00,TUNING,0.0,heat,0,2
2025-01-01 10:14:30,0.0,295.44,0.00,100.00,TUNING,0.0,heat,0,2
2025-01-01 10:14:32,0.0,295.58,0.00,100.00,TUNING,0.0,heat,0,2
2025-01-01 10:14:34,0.0,295.72,0.00,100.00,TUNING,0.0,heat,0,2
2025-01-01 10:14:36,0.0,295.85,0.00,100.00,TUNING,0.0,heat,0,2
2025-01-01 10:14:38,0.0,295.99,0.00,100.00,TUNING,0.0,heat,0,2
2025-01-01 10:14:40,0.0,296.13,0.00,100.00,TUNING,0.0,heat,0,2
2025-01-01 10:14:42,0.0,296.26,0.00,100.00,TUNING,0.0,heat,0,2
2025-01-01 10:14:44,0.0,296.40,0.00,100.00,TUNING,0.0,heat,0,2
2025-01-01 10:14:46,0.0,296.53,0.00,100.00,TUNING,0.0,heat,0,2
2025-01-01 10:14:48,0.0,296.67,0.00,100.00,TUNING,0.0,heat,0,2
2025-01-01 10:14:50,0.0,296.80,0.00,100.00,TUNING,0.0,heat,0,2
2025-01-01 10:14:52,0.0,296.93,0.00,100.00,TUNING,0.0,heat,0,2
2025-01-01 10:14:54,0.0,297.06,0.00,100.00,TUNING,0.0,heat,0,2
2025-01-01 10:14:56,0.0,297.20,0.00,100.00,TUNING,0.0,heat,0,2
2025-01-01 10:14:58,0.0,297.33,0.00,100.00,TUNING,0.0,heat,0,2
2025-01-01 10:15:00,0.0,297.45,0.00,100.00,TUNING,0.0,heat,0,2
2025-01-01 10:15:02,0.0,297.58,0.00,100.00,TUNING,0.0,heat,0,2
2025-01-01 10:15:04,0.0,297.71,0.00,100.00,TUNING,0.0,heat,0,2
2025-01-01 10:15:06,0.0,297.84,0.00,100.00,TUNING,0.0,heat,0,2
2025-01-01 10:15:08,0.0,297.96,0.00,100.00,TUNING,0.0,heat,0,2
2025-01-01 10:15:10,0.0,298.09,0.00,100.00,TUNING,0.0,heat,0,2
2025-01-01 10:15:12,0.0,298.21,0.00,100.00,TUNING,0.0,heat,0,2
2025-01-01 10:15:14,0.0,298.34,0.00,100.00,TUNING,0.0,heat,0,2
2025-01-01 10:15:16,0.0,298.46,0.00,100.00,TUNING,0.0,heat,0,2
2025-01-01 10:15:18,0.0,298.58,0.00,100.00,TUNING,0.0,heat,0,2
2025-01-01 10:15:20,0.0,298.71,0.00,100.00,TUNING,0.0,heat,0,2
2025-01-01 10:15:22,0.0,298.83,0.00,100.00,TUNING,0.0,heat,0,2
2025-01-01 10:15:24,0.0,298.95,0.00,100.00,TUNING,0.0,heat,0,2
2025-01-01 10:15:26,0.0,299.07,0.00,100.00,TUNING,0.0,heat,0,2
2025-01-01 10:15:28,0.0,299.19,0.00,100.00,TUNING,0.0,heat,0,2
2025-01-01 10:15:30,0.0,299.31,0.00,100.00,TUNING,0.0,heat,0,2
2025-01-01 10:15:32,0.0,299.42,0.00,100.00,TUNING,0.0,heat,0,2
2025-01-01 10:15:34,0.0,299.54,0.00,100.00,TUNING,0.0,heat,0,2
2025-01-01 10:15:36,0.0,299.66,0.00,100.00,TUNING,0.0,heat,0,2
2025-01-01 10:15:38,0.0,299.77,0.00,100.00,TUNING,0.0,heat,0,2
2025-01-01 10:15:40,0.0,299.89,0.00,100.00,TUNING,0.0,heat,0,2
2025-01-01 10:15:42,0.0,300.00,0.00,100.00,TUNING,0.0,heat,0,2
2025-01-01 10:15:44,0.0,300.12,0.00,100.00,TUNING,0.0,heat,0,2
2025-01-01 10:15:46,0.0,300.23,0.00,100.00,TUNING,0.0,heat,0,2
2025-01-01 10:15:48,0.0,300.34,0.00,100.00,TUNING,0.0,heat,0,2
2025-01-01 10:15:50,0.0,300.46,0.00,100.00,TUNING,0.0,heat,0,2
2025-01-01 10:15:52,0.0,300.57,0.00,100.00,TUNING,0.0,heat,0,2
2025-01-01 10:15:54,0.0,300.68,0.00,100.00,TUNING,0.0,heat,0,2
2025-01-01 10:15:56,0.0,300.79,0.00,100.00,TUNING,0.0,heat,0,2
2025-01-01 10:15:58,0.0,300.90,0.00,100.00,TUNING,0.0,heat,0,2
2025-01-01 10:16:00,0.0,301.01,0.00,100.00,TUNING,0.0,heat,0,2
2025-01-01 10:16:02,0.0,301.11,0.00,100.00,TUNING,0.0,heat,0,2
2025-01-01 10:16:04,0.0,301.22,0.00,100.00,TUNING,0.0,heat,0,2
2025-01-01 10:16:06,0.0,301.33,0.00,100.00,TUNING,0.0,heat,0,2
2025-01-01 10:16:08,0.0,301.44,0.00,100.00,TUNING,0.0,heat,0,2
2025-01-01 10:16:10,0.0,301.54,0.00,100.00,TUNING,0.0,heat,0,2
2025-01-01 10:16:12,0.0,301.65,0.00,100.00,TUNING,0.0,heat,0,2
2025-01-01 10:16:14,0.0,301.75,0.00,100.00,TUNING,0.0,heat,0,2
2025-01-01 10:16:16,0.0,301.85,0.00,100.00,TUNING,0.0,heat,0,2
2025-01-01 10:16:18,0.0,301.96,0.00,100.00,TUNING,0.0,heat,0,2
2025-01-01 10:16:20,0.0,302.06,0.00,100.00,TUNING,0.0,heat,0,2
2025-01-01 10:16:22,0.0,302.16,0.00,100.00,TUNING,0.0,heat,0,2
2025-01-01 10:16:24,0.0,302.26,0.00,100.00,TUNING,0.0,heat,0,2
2025-01-01 10:16:26,0.0,302.37,0.00,100.00,TUNING,0.0,heat,0,2
2025-01-01 10:16:28,0.0,302.47,0.00,100.00,TUNING,0.0,heat,0,2
2025-01-01 10:16:30,0.0,302.57,0.00,100.00,TUNING,0.0,heat,0,2
2025-01-01 10:16:32,0.0,302.67,0.00,100.00,TUNING,0.0,heat,0,2
2025-01-01 10:16:34,0.0,302.76,0.00,100.00,TUNING,0.0,heat,0,2
2025-01-01 10:16:36,0.0,302.86,0.00,100.00,TUNING,0.0,heat,0,2
2025-01-01 10:16:38,0.0,302.96,0.00,100.00,TUNING,0.0,heat,0,2
2025-01-01 10:16:40,0.0,303.06,0.00,100.00,TUNING,0.0,heat,0,2
2025-01-01 10:16:42,0.0,303.15,0.00,100.00,TUNING,0.0,heat,0,2
2025-01-01 10:16:44,0.0,303.25,0.00,100.00,TUNING,0.0,heat,0,2
2025-01-01 10:16:46,0.0,303.35,0.00,100.00,TUNING,0.0,heat,0,2
2025-01-01 10:16:48,0.0,303.44,0.00,100.00,TUNING,0.0,heat,0,2
2025-01-01 10:16:50,0.0,303.53,0.00,100.00,TUNING,0.0,heat,0,2
2025-01-01 10:16:52,0.0,303.63,0.00,100.00,TUNING,0.0,heat,0,2
2025-01-01 10:16:54,0.0,303.72,0.00,100.00,TUNING,0.0,heat,0,2
2025-01-01 10:16:56,0.0,303.81,0.00,100.00,TUNING,0.0,heat,0,2
2025-01-01 10:16:58,0.0,303.91,0.00,100.00,TUNING,0.0,heat,0,2
2025-01-01 10:17:00,0.0,304.00,0.00,100.00,TUNING,0.0,heat,0,2
2025-01-01 10:17:02,0.0,304.09,0.00,100.00,TUNING,0.0,heat,0,2
2025-01-01 10:17:04,0.0,304.18,0.00,100.00,TUNING,0.0,heat,0,2
2025-01-01 10:17:06,0.0,304.27,0.00,100.00,TUNING,0.0,heat,0,2
2025-01-01 10:17:08,0.0,304.36,0.00,100.00,TUNING,0.0,heat,0,2
2025-01-01 10:17:10,0.0,304.45,0.00,100.00,TUNING,0.0,heat,0,2
2025-01-01 10:17:12,0.0,304.54,0.00,100.00,TUNING,0.0,heat,0,2
2025-01-01 10:17:14,0.0,304.63,0.00,100.00,TUNING,0.0,heat,0,2
2025-01-01 10:17:16,0.0,304.71,0.00,100.00,TUNING,0.0,heat,0,2
2025-01-01 10:17:18,0.0,304.80,0.00,100.00,TUNING,0.0,heat,0,2
2025-01-01 10:17:20,0.0,304.89,0.00,100.00,TUNING,0.0,heat,0,2
2025-01-01 10:17:22,0.0,304.97,0.00,100.00,TUNING,0.0,heat,0,2
2025-01-01 10:17:24,0.0,305.06,0.00,100.00,TUNING,0.0,heat,0,2
2025-01-01 10:17:26,0.0,305.14,0.00,100.00,TUNING,0.0,heat,0,2
2025-01-01 10:17:28,0.0,305.23,0.00,100.00,TUNING,0.0,heat,0,2
2025-01-01 10:17:30,0.0,305.31,0.00,100.00,TUNING,0.0,heat,0,2
2025-01-01 10:17:32,0.0,305.40,0.00,100.00,TUNING,0.0,heat,0,2
2025-01-01 10:17:34,0.0,305.48,0.00,100.00,TUNING,0.0,heat,0,2
2025-01-01 10:17:36,0.0,305.56,0.00,100.00,TUNING,0.0,heat,0,2
2025-01-01 10:17:38,0.0,305.64,0.00,100.00,TUNING,0.0,heat,0,2
2025-01-01 10:17:40,0.0,305.73,0.00,100.00,TUNING,0.0,heat,0,2
2025-01-01 10:17:42,0.0,305.81,0.00,100.00,TUNING,0.0,heat,0,2
2025-01-01 10:17:44,0.0,305.89,0.00,100.00,TUNING,0.0,heat,0,2
2025-01-01 10:17:46,0.0,305.97,0.00,100.00,TUNING,0.0,heat,0,2
2025-01-01 10:17:48,0.0,306.05,0.00,100.00,TUNING,0.0,heat,0,2
2025-01-01 10:17:50,0.0,306.13,0.00,100.00,TUNING,0.0,heat,0,2
2025-01-01 10:17:52,0.0,306.21,0.00,100.00,TUNING,0.0,heat,0,2
2025-01-01 10:17:54,0.0,306.29,0.00,100.00,TUNING,0.0,heat,0,2
2025-01-01 10:17:56,0.0,306.36,0.00,100.00,TUNING,0.0,heat,0,2
2025-01-01 10:17:58,0.0,306.44,0.00,100.00,TUNING,0.0,heat,0,2
2025-01-01 10:18:00,0.0,306.52,0.00,100.00,TUNING,0.0,heat,0,2
2025-01-01 10:18:02,0.0,306.60,0.00,100.00,TUNING,0.0,heat,0,2
2025-01-01 10:18:04,0.0,306.67,0.00,100.00,TUNING,0.0,heat,0,2
2025-01-01 10:18:06,0.0,306.75,0.00,100.00,TUNING,0.0,heat,0,2
2025-01-01 10:18:08,0.0,306.82,0.00,100.00,TUNING,0.0,heat,0,2
2025-01-01 10:18:10,0.0,306.90,0.00,100.00,TUNING,0.0,heat,0,2
2025-01-01 10:18:12,0.0,306.97,0.00,100.00,TUNING,0.0,heat,0,2
2025-01-01 10:18:14,0.0,307.05,0.00,100.00,TUNING,0.0,heat,0,2
2025-01-01 10:18:16,0.0,307.12,0.00,100.00,TUNING,0.0,heat,0,2
2025-01-01 10:18:18,0.0,307.20,0.00,100.00,TUNING,0.0,heat,0,2
2025-01-01 10:18:20,0.0,307.27,0.00,100.00,TUNING,0.0,heat,0,2
2025-01-01 10:18:22,0.0,307.34,0.00,100.00,TUNING,0.0,heat,0,2
2025-01-01 10:18:24,0.0,307.41,0.00,100.00,TUNING,0.0,heat,0,2
2025-01-01 10:18:26,0.0,307.48,0.00,100.00,TUNING,0.0,heat,0,2
2025-01-01 10:18:28,0.0,307.56,0.00,100.00,TUNING,0.0,heat,0,2
2025-01-01 10:18:30,0.0,307.63,0.00,100.00,TUNING,0.0,heat,0,2
2025-01-01 10:18:32,0.0,307.70,0.00,100.00,TUNING,0.0,heat,0,2
2025-01-01 10:18:34,0.0,307.77,0.00,100.00,TUNING,0.0,heat,0,2
2025-01-01 10:18:36,0.0,307.84,0.00,100.00,TUNING,0.0,heat,0,2
2025-01-01 10:18:38,0.0,307.91,0.00,100.00,TUNING,0.0,heat,0,2
2025-01-01 10:18:40,0.0,307.98,0.00,100.00,TUNING,0.0,heat,0,2
2025-01-01 10:18:42,0.0,308.04,0.00,100.00,TUNING,0.0,heat,0,2
2025-01-01 10:18:44,0.0,308.11,0.00,100.00,TUNING,0.0,heat,0,2
2025-01-01 10:18:46,0.0,308.18,0.00,100.00,TUNING,0.0,heat,0,2
2025-01-01 10:18:48,0.0,308.25,0.00,100.00,TUNING,0.0,heat,0,2
2025-01-01 10:18:50,0.0,308.31,0.00,100.00,TUNING,0.0,heat,0,2
2025-01-01 10:18:52,0.0,308.38,0.00,100.00,TUNING,0.0,heat,0,2
2025-01-01 10:18:54,0.0,308.45,0.00,100.00,TUNING,0.0,heat,0,2
2025-01-01 10:18:56,0.0,308.51,0.00,100.00,TUNING,0.0,heat,0,2
2025-01-01 10:18:58,0.0,308.58,0.00,100.00,TUNING,0.0,heat,0,2
2025-01-01 10:19:00,0.0,308.64,0.00,100.00,TUNING,0.0,heat,0,2
2025-01-01 10:19:02,0.0,308.71,0.00,100.00,TUNING,0.0,heat,0,2
2025-01-01 10:19:04,0.0,308.77,0.00,100.00,TUNING,0.0,heat,0,2
2025-01-01 10:19:06,0.0,308.84,0.00,100.00,TUNING,0.0,heat,0,2
2025-01-01 10:19:08,0.0,308.90,0.00,100.00,TUNING,0.0,heat,0,2
2025-01-01 10:19:10,0.0,308.96,0.00,100.00,TUNING,0.0,heat,0,2
2025-01-01 10:19:12,0.0,309.03,0.00,100.00,TUNING,0.0,heat,0,2
2025-01-01 10:19:14,0.0,309.09,0.00,100.00,TUNING,0.0,heat,0,2
2025-01-01 10:19:16,0.0,309.15,0.00,100.00,TUNING,0.0,heat,0,2
2025-01-01 10:19:18,0.0,309.21,0.00,100.00,TUNING,0.0,heat,0,2
2025-01-01 10:19:20,0.0,309.27,0.00,100.00,TUNING,0.0,heat,0,2
2025-01-01 10:19:22,0.0,309.33,0.00,100.00,TUNING,0.0,heat,0,2
2025-01-01 10:19:24,0.0,309.40,0.00,100.00,TUNING,0.0,heat,0,2
2025-01-01 10:19:26,0.0,309.46,0.00,100.00,TUNING,0.0,heat,0,2
2025-01-01 10:19:28,0.0,309.52,0.00,100.00,TUNING,0.0,heat,0,2
2025-01-01 10:19:30,0.0,309.58,0.00,100.00,TUNING,0.0,heat,0,2
2025-01-01 10:19:32,0.0,309.64,0.00,100.00,TUNING,0.0,heat,0,2
2025-01-01 10:19:34,0.0,309.69,0.00,100.00,TUNING,0.0,heat,0,2
2025-01-01 10:19:36,0.0,309.75,0.00,100.00,TUNING,0.0,heat,0,2
2025-01-01 10:19:38,0.0,309.81,0.00,100.00,TUNING,0.0,heat,0,2
2025-01-01 10:19:40,0.0,309.87,0.00,100.00,TUNING,0.0,heat,0,2
2025-01-01 10:19:42,0.0,309.93,0.00,100.00,TUNING,0.0,heat,0,2
2025-01-01 10:19:44,0.0,309.98,0.00,100.00,TUNING,0.0,heat,0,2
2025-01-01 10:19:46,0.0,310.04,0.00,100.00,TUNING,0.0,heat,0,2
2025-01-01 10:19:48,0.0,310.10,0.00,100.00,TUNING,0.0,heat,0,2
2025-01-01 10:19:50,0.0,310.15,0.00,100.00,TUNING,0.0,heat,0,2
2025-01-01 10:19:52,0.0,310.21,0.00,100.00,TUNING,0.0,heat,0,2
2025-01-01 10:19:54,0.0,310.27,0.00,100.00,TUNING,0.0,heat,0,2
2025-01-01 10:19:56,0.0,310.32,0.00,100.00,TUNING,0.0,heat,0,2
2025-01-01 10:19:58,0.0,310.38,0.00,100.00,TUNING,0.0,heat,0,2
2025-01-01 10:20:00,0.0,310.43,0.00,100.00,TUNING,0.0,heat,0,2
2025-01-01 10:20:02,0.0,310.49,0.00,100.00,TUNING,0.0,heat,0,2
2025-01-01 10:20:04,0.0,310.54,0.00,100.00,TUNING,0.0,heat,0,2
2025-01-01 10:20:06,0.0,310.59,0.00,100.00,TUNING,0.0,heat,0,2
2025-01-01 10:20:08,0.0,310.65,0.00,100.00,TUNING,0.0,heat,0,2
2025-01-01 10:20:10,0.0,310.70,0.00,100.00,TUNING,0.0,heat,0,2
2025-01-01 10:20:12,0.0,310.75,0.00,100.00,TUNING,0.0,heat,0,2
2025-01-01 10:20:14,0.0,310.81,0.00,100.00,TUNING,0.0,heat,0,2
2025-01-01 10:20:16,0.0,310.86,0.00,100.00,TUNING,0.0,heat,0,2
2025-01-01 10:20:18,0.0,310.91,0.00,100.00,TUNING,0.0,heat,0,2
2025-01-01 10:20:20,0.0,310.96,0.00,100.00,TUNING,0.0,heat,0,2
2025-01-01 10:20:22,0.0,311.02,0.00,100.00,TUNING,0.0,heat,0,2
2025-01-01 10:20:24,0.0,311.07,0.00,100.00,TUNING,0.0,heat,0,2
2025-01-01 10:20:26,0.0,311.12,0.00,100.00,TUNING,0.0,heat,0,2
2025-01-01 10:20:28,0.0,311.17,0.00,100.00,TUNING,0.0,heat,0,2
2025-01-01 10:20:30,0.0,311.22,0.00,100.00,TUNING,0.0,heat,0,2
2025-01-01 10:20:32,0.0,311.27,0.00,100.00,TUNING,0.0,heat,0,2
2025-01-01 10:20:34,0.0,311.32,0.00,100.00,TUNING,0.0,heat,0,2
2025-01-01 10:20:36,0.0,311.37,0.00,100.00,TUNING,0.0,heat,0,2
2025-01-01 10:20:38,0.0,311.42,0.00,100.00,TUNING,0.0,heat,0,2
2025-01-01 10:20:40,0.0,311.47,0.00,100.00,TUNING,0.0,heat,0,2
2025-01-01 10:20:42,0.0,311.51,0.00,100.00,TUNING,0.0,heat,0,2
2025-01-01 10:20:44,0.0,311.56,0.00,100.00,TUNING,0.0,heat,0,2
2025-01-01 10:20:46,0.0,311.61,0.00,100.00,TUNING,0.0,heat,0,2
2025-01-01 10:20:48,0.0,311.66,0.00,100.00,TUNING,0.0,heat,0,2
2025-01-01 10:20:50,0.0,311.71,0.00,100.00,TUNING,0.0,heat,0,2
2025-01-01 10:20:52,0.0,311.75,0.00,100.00,TUNING,0.0,heat,0,2
2025-01-01 10:20:54,0.0,311.80,0.00,100.00,TUNING,0.0,heat,0,2
2025-01-01 10:20:56,0.0,311.85,0.00,100.00,TUNING,0.0,heat,0,2
2025-01-01 10:20:58,0.0,311.89,0.00,100.00,TUNING,0.0,heat,0,2
2025-01-01 10:21:00,0.0,311.94,0.00,100.00,TUNING,0.0,heat,0,2
2025-01-01 10:21:02,0.0,311.99,0.00,100.00,TUNING,0.0,heat,0,2
2025-01-01 10:21:04,0.0,312.03,0.00,100.00,TUNING,0.0,heat,0,2
2025-01-01 10:21:06,0.0,312.08,0.00,100.00,TUNING,0.0,heat,0,2
2025-01-01 10:21:08,0.0,312.12,0.00,100.00,TUNING,0.0,heat,0,2
2025-01-01 10:21:10,0.0,312.17,0.00,100.00,TUNING,0.0,heat,0,2
2025-01-01 10:21:12,0.0,312.21,0.00,100.00,TUNING,0.0,heat,0,2
2025-01-01 10:21:14,0.0,312.26,0.00,100.00,TUNING,0.0,heat,0,2
2025-01-01 10:21:16,0.0,312.30,0.00,100.00,TUNING,0.0,heat,0,2
2025-01-01 10:21:18,0.0,312.34,0.00,100.00,TUNING,0.0,heat,0,2
2025-01-01 10:21:20,0.0,312.39,0.00,100.00,TUNING,0.0,heat,0,2
2025-01-01 10:21:22,0.0,312.43,0.00,100.00,TUNING,0.0,heat,0,2
2025-01-01 10:21:24,0.0,312.47,0.00,100.00,TUNING,0.0,heat,0,2
2025-01-01 10:21:26,0.0,312.52,0.00,100.00,TUNING,0.0,heat,0,2
2025-01-01 10:21:28,0.0,312.56,0.00,100.00,TUNING,0.0,heat,0,2
2025-01-01 10:21:30,0.0,312.60,0.00,100.00,TUNING,0.0,heat,0,2
2025-01-01 10:21:32,0.0,312.64,0.00,100.00,TUNING,0.0,heat,0,2
2025-01-01 10:21:34,0.0,312.69,0.00,100.00,TUNING,0.0,heat,0,2
2025-01-01 10:21:36,0.0,312.73,0.00,100.00,TUNING,0.0,heat,0,2
2025-01-01 10:21:38,0.0,312.77,0.00,100.00,TUNING,0.0,heat,0,2
2025-01-01 10:21:40,0.0,312.81,0.00,100.00,TUNING,0.0,heat,0,2
2025-01-01 10:21:42,0.0,312.85,0.00,100.00,TUNING,0.0,heat,0,2
2025-01-01 10:21:44,0.0,312.89,0.00,100.00,TUNING,0.0,heat,0,2
2025-01-01 10:21:46,0.0,312.93,0.00,100.00,TUNING,0.0,heat,0,2
2025-01-01 10:21:48,0.0,312.97,0.00,100.00,TUNING,0.0,heat,0,2
2025-01-01 10:21:50,0.0,313.01,0.00,100.00,TUNING,0.0,heat,0,2
2025-01-01 10:21:52,0.0,313.05,0.00,100.00,TUNING,0.0,heat,0,2
2025-01-01 10:21:54,0.0,313.09,0.00,100.00,TUNING,0.0,heat,0,2
2025-01-01 10:21:56,0.0,313.13,0.00,100.00,TUNING,0.0,heat,0,2
2025-01-01 10:21:58,0.0,313.17,0.00,100.00,TUNING,0.0,heat,0,2
2025-01-01 10:22:00,0.0,313.21,0.00,100.00,TUNING,0.0,heat,0,2
2025-01-01 10:22:02,0.0,313.25,0.00,100.00,TUNING,0.0,heat,0,2
2025-01-01 10:22:04,0.0,313.29,0.00,100.00,TUNING,0.0,heat,0,2
2025-01-01 10:22:06,0.0,313.32,0.00,100.00,TUNING,0.0,heat,0,2
2025-01-01 10:22:08,0.0,313.36,0.00,100.00,TUNING,0.0,heat,0,2
2025-01-01 10:22:10,0.0,313.40,0.00,100.00,TUNING,0.0,heat,0,2
2025-01-01 10:22:12,0.0,313.44,0.00,100.00,TUNING,0.0,heat,0,2
2025-01-01 10:22:14,0.0,313.48,0.00,100.00,TUNING,0.0,heat,0,2
2025-01-01 10:22:16,0.0,313.51,0.00,100.00,TUNING,0.0,heat,0,2
2025-01-01 10:22:18,0.0,313.55,0.00,100.00,TUNING,0.0,heat,0,2
2025-01-01 10:22:20,0.0,313.59,0.00,100.00,TUNING,0.0,heat,0,2
2025-01-01 10:22:22,0.0,313.62,0.00,100.00,TUNING,0.0,heat,0,2
2025-01-01 10:22:24,0.0,313.66,0.00,100.00,TUNING,0.0,heat,0,2
2025-01-01 10:22:26,0.0,313.70,0.00,100.00,TUNING,0.0,heat,0,2
2025-01-01 10:22:28,0.0,313.73,0.00,100.00,TUNING,0.0,heat,0,2
2025-01-01 10:22:30,0.0,313.77,0.00,100.00,TUNING,0.0,heat,0,2
2025-01-01 10:22:32,0.0,313.80,0.00,100.00,TUNING,0.0,heat,0,2
2025-01-01 10:22:34,0.0,313.84,0.00,100.00,TUNING,0.0,heat,0,2
2025-01-01 10:22:36,0.0,313.87,0.00,100.00,TUNING,0.0,heat,0,2
2025-01-01 10:22:38,0.0,313.91,0.00,100.00,TUNING,0.0,heat,0,2
2025-01-01 10:22:40,0.0,313.94,0.00,100.00,TUNING,0.0,heat,0,2
2025-01-01 10:22:42,0.0,313.98,0.00,100.00,TUNING,0.0,heat,0,2
2025-01-01 10:22:44,0.0,314.01,0.00,100.00,TUNING,0.0,heat,0,2
2025-01-01 10:22:46,0.0,314.05,0.00,100.00,TUNING,0.0,heat,0,2
2025-01-01 10:22:48,0.0,314.08,0.00,100.00,TUNING,0.0,heat,0,2
2025-01-01 10:22:50,0.0,314.11,0.00,100.00,TUNING,0.0,heat,0,2
2025-01-01 10:22:52,0.0,314.15,0.00,100.00,TUNING,0.0,heat,0,2
2025-01-01 10:22:54,0.0,314.18,0.00,100.00,TUNING,0.0,heat,0,2
2025-01-01 10:22:56,0.0,314.21,0.00,100.00,TUNING,0.0,heat,0,2
2025-01-01 10:22:58,0.0,314.25,0.00,100.00,TUNING,0.0,heat,0,2
2025-01-01 10:23:00,0.0,314.28,0.00,100.00,TUNING,0.0,heat,0,2
2025-01-01 10:23:02,0.0,314.31,0.00,100.00,TUNING,0.0,heat,0,2
2025-01-01 10:23:04,0.0,314.34,0.00,100.00,TUNING,0.0,heat,0,2
2025-01-01 10:23:06,0.0,314.38,0.00,100.00,TUNING,0.0,heat,0,2
2025-01-01 10:23:08,0.0,314.41,0.00,100.00,TUNING,0.0,heat,0,2
2025-01-01 10:23:10,0.0,314.44,0.00,100.00,TUNING,0.0,heat,0,2
2025-01-01 10:23:12,0.0,314.47,0.00,100.00,TUNING,0.0,heat,0,2
2025-01-01 10:23:14,0.0,314.50,0.00,100.00,TUNING,0.0,heat,0,2
2025-01-01 10:23:16,0.0,314.53,0.00,100.00,TUNING,0.0,heat,0,2
2025-01-01 10:23:18,0.0,314.57,0.00,100.00,TUNING,0.0,heat,0,2
2025-01-01 10:23:20,0.0,313.74,0.00,0.00,TUNING,0.0,cool,1,2
2025-01-01 10:23:22,0.0,312.92,0.00,0.00,TUNING,0.0,cool,1,2
2025-01-01 10:23:24,0.0,312.09,0.00,0.00,TUNING,0.0,cool,1,2
2025-01-01 10:23:26,0.0,311.28,0.00,0.00,TUNING,0.0,cool,1,2
2025-01-01 10:23:28,0.0,310.46,0.00,0.00,TUNING,0.0,cool,1,2
2025-01-01 10:23:30,0.0,309.64,0.00,0.00,TUNING,0.0,cool,1,2
2025-01-01 10:23:32,0.0,308.83,0.00,0.00,TUNING,0.0,cool,1,2
2025-01-01 10:23:34,0.0,308.02,0.00,0.00,TUNING,0.0,cool,1,2
2025-01-01 10:23:36,0.0,307.21,0.00,0.00,TUNING,0.0,cool,1,2
2025-01-01 10:23:38,0.0,306.41,0.00,0.00,TUNING,0.0,cool,1,2
2025-01-01 10:23:40,0.0,305.61,0.00,0.00,TUNING,0.0,cool,1,2
2025-01-01 10:23:42,0.0,304.81,0.00,0.00,TUNING,0.0,cool,1,2
2025-01-01 10:23:44,0.0,304.01,0.00,0.00,TUNING,0.0,cool,1,2
2025-01-01 10:23:46,0.0,303.21,0.00,0.00,TUNING,0.0,cool,1,2
2025-01-01 10:23:48,0.0,302.42,0.00,0.00,TUNING,0.0,cool,1,2
2025-01-01 10:23:50,0.0,301.63,0.00,0.00,TUNING,0.0,cool,1,2
2025-01-01 10:23:52,0.0,300.84,0.00,0.00,TUNING,0.0,cool,1,2
2025-01-01 10:23:54,0.0,300.05,0.00,0.00,TUNING,0.0,cool,1,2
2025-01-01 10:23:56,0.0,299.27,0.00,0.00,TUNING,0.0,cool,1,2
2025-01-01 10:23:58,0.0,298.48,0.00,0.00,TUNING,0.0,cool,1,2
2025-01-01 10:24:00,0.0,297.70,0.00,0.00,TUNING,0.0,cool,1,2
2025-01-01 10:24:02,0.0,296.92,0.00,0.00,TUNING,0.0,cool,1,2
2025-01-01 10:24:04,0.0,296.15,0.00,0.00,TUNING,0.0,cool,1,2
2025-01-01 10:24:06,0.0,295.38,0.00,0.00,TUNING,0.0,cool,1,2
2025-01-01 10:24:08,0.0,294.60,0.00,0.00,TUNING,0.0,cool,1,2
2025-01-01 10:24:10,0.0,293.83,0.00,0.00,TUNING,0.0,cool,1,2
2025-01-01 10:24:12,0.0,293.07,0.00,0.00,TUNING,0.0,cool,1,2
2025-01-01 10:24:14,0.0,292.30,0.00,0.00,TUNING,0.0,cool,1,2
2025-01-01 10:24:16,0.0,291.54,0.00,0.00,TUNING,0.0,cool,1,2
2025-01-01 10:24:18,0.0,290.78,0.00,0.00,TUNING,0.0,cool,1,2
2025-01-01 10:24:20,0.0,290.02,0.00,0.00,TUNING,0.0,cool,1,2
2025-01-01 10:24:22,0.0,289.27,0.00,0.00,TUNING,0.0,cool,1,2
2025-01-01 10:24:24,0.0,288.51,0.00,0.00,TUNING,0.0,cool,1,2
2025-01-01 10:24:26,0.0,287.76,0.00,0.00,TUNING,0.0,cool,1,2
2025-01-01 10:24:28,0.0,287.01,0.00,0.00,TUNING,0.0,cool,1,2
2025-01-01 10:24:30,0.0,286.26,0.00,0.00,TUNING,0.0,cool,1,2
2025-01-01 10:24:32,0.0,285.52,0.00,0.00,TUNING,0.0,cool,1,2
2025-01-01 10:24:34,0.0,284.77,0.00,0.00,TUNING,0.0,cool,1,2
2025-01-01 10:24:36,0.0,284.03,0.00,0.00,TUNING,0.0,cool,1,2
2025-01-01 10:24:38,0.0,283.29,0.00,0.00,TUNING,0.0,cool,1,2
2025-01-01 10:24:40,0.0,282.56,0.00,0.00,TUNING,0.0,cool,1,2
2025-01-01 10:24:42,0.0,281.82,0.00,0.00,TUNING,0.0,cool,1,2
2025-01-01 10:24:44,0.0,281.09,0.00,0.00,TUNING,0.0,cool,1,2
2025-01-01 10:24:46,0.0,280.36,0.00,0.00,TUNING,0.0,cool,1,2
2025-01-01 10:24:48,0.0,279.63,0.00,0.00,TUNING,0.0,cool,1,2
2025-01-01 10:24:50,0.0,278.90,0.00,0.00,TUNING,0.0,cool,1,2
2025-01-01 10:24:52,0.0,278.18,0.00,0.00,TUNING,0.0,cool,1,2
2025-01-01 10:24:54,0.0,277.46,0.00,0.00,TUNING,0.0,cool,1,2
2025-01-01 10:24:56,0.0,276.74,0.00,0.00,TUNING,0.0,cool,1,2
2025-01-01 10:24:58,0.0,276.02,0.00,0.00,TUNING,0.0,cool,1,2
2025-01-01 10:25:00,0.0,275.30,0.00,0.00,TUNING,0.0,cool,1,2
2025-01-01 10:25:02,0.0,274.59,0.00,0.00,TUNING,0.0,cool,1,2
2025-01-01 10:25:04,0.0,273.88,0.00,0.00,TUNING,0.0,cool,1,2
2025-01-01 10:25:06,0.0,273.17,0.00,0.00,TUNING,0.0,cool,1,2
2025-01-01 10:25:08,0.0,272.46,0.00,0.00,TUNING,0.0,cool,1,2
2025-01-01 10:25:10,0.0,271.75,0.00,0.00,TUNING,0.0,cool,1,2
2025-01-01 10:25:12,0.0,271.05,0.00,0.00,TUNING,0.0,cool,1,2
2025-01-01 10:25:14,0.0,270.35,0.00,0.00,TUNING,0.0,cool,1,2
2025-01-01 10:25:16,0.0,269.65,0.00,0.00,TUNING,0.0,cool,1,2
2025-01-01 10:25:18,0.0,268.95,0.00,0.00,TUNING,0.0,cool,1,2
2025-01-01 10:25:20,0.0,268.25,0.00,0.00,TUNING,0.0,cool,1,2
2025-01-01 10:25:22,0.0,267.56,0.00,0.00,TUNING,0.0,cool,1,2
2025-01-01 10:25:24,0.0,266.87,0.00,0.00,TUNING,0.0,cool,1,2
2025-01-01 10:25:26,0.0,266.18,0.00,0.00,TUNING,0.0,cool,1,2
2025-01-01 10:25:28,0.0,265.49,0.00,0.00,TUNING,0.0,cool,1,2
2025-01-01 10:25:30,0.0,264.80,0.00,0.00,TUNING,0.0,cool,1,2
2025-01-01 10:25:32,0.0,264.12,0.00,0.00,TUNING,0.0,cool,1,2
2025-01-01 10:25:34,0.0,263.44,0.00,0.00,TUNING,0.0,cool,1,2
2025-01-01 10:25:36,0.0,262.75,0.00,0.00,TUNING,0.0,cool,1,2
2025-01-01 10:25:38,0.0,262.08,0.00,0.00,TUNING,0.0,cool,1,2
2025-01-01 10:25:40,0.0,261.40,0.00,0.00,TUNING,0.0,cool,1,2
2025-01-01 10:25:42,0.0,260.73,0.00,0.00,TUNING,0.0,cool,1,2
2025-01-01 10:25:44,0.0,260.05,0.00,0.00,TUNING,0.0,cool,1,2
2025-01-01 10:25:46,0.0,259.38,0.00,0.00,TUNING,0.0,cool,1,2
2025-01-01 10:25:48,0.0,258.71,0.00,0.00,TUNING,0.0,cool,1,2
2025-01-01 10:25:50,0.0,258.05,0.00,0.00,TUNING,0.0,cool,1,2
2025-01-01 10:25:52,0.0,257.38,0.00,0.00,TUNING,0.0,cool,1,2
2025-01-01 10:25:54,0.0,256.72,0.00,0.00,TUNING,0.0,cool,1,2
2025-01-01 10:25:56,0.0,256.06,0.00,0.00,TUNING,0.0,cool,1,2
2025-01-01 10:25:58,0.0,255.40,0.00,0.00,TUNING,0.0,cool,1,2
2025-01-01 10:26:00,0.0,254.74,0.00,0.00,TUNING,0.0,cool,1,2
2025-01-01 10:26:02,0.0,254.09,0.00,0.00,TUNING,0.0,cool,1,2
2025-01-01 10:26:04,0.0,253.43,0.00,0.00,TUNING,0.0,cool,1,2
2025-01-01 10:26:06,0.0,252.78,0.00,0.00,TUNING,0.0,cool,1,2
2025-01-01 10:26:08,0.0,252.13,0.00,0.00,TUNING,0.0,cool,1,2
2025-01-01 10:26:10,0.0,251.48,0.00,0.00,TUNING,0.0,cool,1,2
2025-01-01 10:26:12,0.0,250.84,0.00,0.00,TUNING,0.0,cool,1,2
2025-01-01 10:26:14,0.0,250.19,0.00,0.00,TUNING,0.0,cool,1,2
2025-01-01 10:26:16,0.0,249.55,0.00,0.00,TUNING,0.0,cool,1,2
2025-01-01 10:26:18,0.0,248.91,0.00,0.00,TUNING,0.0,cool,1,2
2025-01-01 10:26:20,0.0,248.27,0.00,0.00,TUNING,0.0,cool,1,2
2025-01-01 10:26:22,0.0,247.63,0.00,0.00,TUNING,0.0,cool,1,2
2025-01-01 10:26:24,0.0,247.00,0.00,0.00,TUNING,0.0,cool,1,2
2025-01-01 10:26:26,0.0,246.36,0.00,0.00,TUNING,0.0,cool,1,2
2025-01-01 10:26:28,0.0,245.73,0.00,0.00,TUNING,0.0,cool,1,2
2025-01-01 10:26:30,0.0,245.10,0.00,0.00,TUNING,0.0,cool,1,2
2025-01-01 10:26:32,0.0,244.48,0.00,0.00,TUNING,0.0,cool,1,2
2025-01-01 10:26:34,0.0,243.85,0.00,0.00,TUNING,0.0,cool,1,2
2025-01-01 10:26:36,0.0,243.22,0.00,0.00,TUNING,0.0,cool,1,2
2025-01-01 10:26:38,0.0,242.60,0.00,0.00,TUNING,0.0,cool,1,2
2025-01-01 10:26:40,0.0,241.98,0.00,0.00,TUNING,0.0,cool,1,2
2025-01-01 10:26:42,0.0,241.36,0.00,0.00,TUNING,0.0,cool,1,2
2025-01-01 10:26:44,0.0,240.75,0.00,0.00,TUNING,0.0,cool,1,2
2025-01-01 10:26:46,0.0,240.13,0.00,0.00,TUNING,0.0,cool,1,2
2025-01-01 10:26:48,0.0,239.52,0.00,0.00,TUNING,0.0,cool,1,2
2025-01-01 10:26:50,0.0,238.90,0.00,0.00,TUNING,0.0,cool,1,2
2025-01-01 10:26:52,0.0,238.29,0.00,0.00,TUNING,0.0,cool,1,2
2025-01-01 10:26:54,0.0,237.68,0.00,0.00,TUNING,0.0,cool,1,2
2025-01-01 10:26:56,0.0,237.08,0.00,0.00,TUNING,0.0,cool,1,2
2025-01-01 10:26:58,0.0,236.47,0.00,0.00,TUNING,0.0,cool,1,2
2025-01-01 10:27:00,0.0,235.87,0.00,0.00,TUNING,0.0,cool,1,2
2025-01-01 10:27:02,0.0,235.27,0.00,0.00,TUNING,0.0,cool,1,2
2025-01-01 10:27:04,0.0,234.67,0.00,0.00,TUNING,0.0,cool,1,2
2025-01-01 10:27:06,0.0,234.07,0.00,0.00,TUNING,0.0,cool,1,2
2025-01-01 10:27:08,0.0,233.47,0.00,0.00,TUNING,0.0,cool,1,2
2025-01-01 10:27:10,0.0,232.88,0.00,0.00,TUNING,0.0,cool,1,2
2025-01-01 10:27:12,0.0,232.29,0.00,0.00,TUNING,0.0,cool,1,2
2025-01-01 10:27:14,0.0,231.69,0.00,0.00,TUNING,0.0,cool,1,2
2025-01-01 10:27:16,0.0,231.10,0.00,0.00,TUNING,0.0,cool,1,2
2025-01-01 10:27:18,0.0,230.52,0.00,0.00,TUNING,0.0,cool,1,2
2025-01-01 10:27:20,0.0,229.93,0.00,0.00,TUNING,0.0,cool,1,2
2025-01-01 10:27:22,0.0,229.35,0.00,0.00,TUNING,0.0,cool,1,2
2025-01-01 10:27:24,0.0,228.76,0.00,0.00,TUNING,0.0,cool,1,2
2025-01-01 10:27:26,0.0,228.18,0.00,0.00,TUNING,0.0,cool,1,2
2025-01-01 10:27:28,0.0,227.60,0.00,0.00,TUNING,0.0,cool,1,2
2025-01-01 10:27:30,0.0,227.02,0.00,0.00,TUNING,0.0,cool,1,2
2025-01-01 10:27:32,0.0,226.45,0.00,0.00,TUNING,0.0,cool,1,2
2025-01-01 10:27:34,0.0,225.87,0.00,0.00,TUNING,0.0,cool,1,2
2025-01-01 10:27:36,0.0,225.30,0.00,0.00,TUNING,0.0,cool,1,2
2025-01-01 10:27:38,0.0,224.73,0.00,0.00,TUNING,0.0,cool,1,2
2025-01-01 10:27:40,0.0,224.16,0.00,0.00,TUNING,0.0,cool,1,2
2025-01-01 10:27:42,0.0,223.59,0.00,0.00,TUNING,0.0,cool,1,2
2025-01-01 10:27:44,0.0,223.02,0.00,0.00,TUNING,0.0,cool,1,2
2025-01-01 10:27:46,0.0,222.46,0.00,0.00,TUNING,0.0,cool,1,2
2025-01-01 10:27:48,0.0,221.89,0.00,0.00,TUNING,0.0,cool,1,2
2025-01-01 10:27:50,0.0,221.33,0.00,0.00,TUNING,0.0,cool,1,2
2025-01-01 10:27:52,0.0,220.77,0.00,0.00,TUNING,0.0,cool,1,2
2025-01-01 10:27:54,0.0,220.21,0.00,0.00,TUNING,0.0,cool,1,2
2025-01-01 10:27:56,0.0,219.66,0.00,0.00,TUNING,0.0,cool,1,2
2025-01-01 10:27:58,0.0,219.10,0.00,0.00,TUNING,0.0,cool,1,2
2025-01-01 10:28:00,0.0,218.55,0.00,0.00,TUNING,0.0,cool,1,2
2025-01-01 10:28:02,0.0,218.00,0.00,0.00,TUNING,0.0,cool,1,2
2025-01-01 10:28:04,0.0,217.45,0.00,0.00,TUNING,0.0,cool,1,2
2025-01-01 10:28:06,0.0,216.90,0.00,0.00,TUNING,0.0,cool,1,2
2025-01-01 10:28:08,0.0,216.35,0.00,0.00,TUNING,0.0,cool,1,2
2025-01-01 10:28:10,0.0,215.80,0.00,0.00,TUNING,0.0,cool,1,2
2025-01-01 10:28:12,0.0,215.26,0.00,0.00,TUNING,0.0,cool,1,2
2025-01-01 10:28:14,0.0,214.72,0.00,0.00,TUNING,0.0,cool,1,2
2025-01-01 10:28:16,0.0,214.17,0.00,0.00,TUNING,0.0,cool,1,2
2025-01-01 10:28:18,0.0,213.63,0.00,0.00,TUNING,0.0,cool,1,2
2025-01-01 10:28:20,0.0,213.10,0.00,0.00,TUNING,0.0,cool,1,2
2025-01-01 10:28:22,0.0,212.56,0.00,0.00,TUNING,0.0,cool,1,2
2025-01-01 10:28:24,0.0,212.02,0.00,0.00,TUNING,0.0,cool,1,2
2025-01-01 10:28:26,0.0,211.49,0.00,0.00,TUNING,0.0,cool,1,2
2025-01-01 10:28:28,0.0,210.96,0.00,0.00,TUNING,0.0,cool,1,2
2025-01-01 10:28:30,0.0,210.43,0.00,0.00,TUNING,0.0,cool,1,2
2025-01-01 10:28:32,0.0,209.90,0.00,0.00,TUNING,0.0,cool,1,2
2025-01-01 10:28:34,0.0,209.37,0.00,0.00,TUNING,0.0,cool,1,2
2025-01-01 10:28:36,0.0,208.85,0.00,0.00,TUNING,0.0,cool,1,2
2025-01-01 10:28:38,0.0,208.32,0.00,0.00,TUNING,0.0,cool,1,2
2025-01-01 10:28:40,0.0,207.80,0.00,0.00,TUNING,0.0,cool,1,2
2025-01-01 10:28:42,0.0,207.28,0.00,0.00,TUNING,0.0,cool,1,2
2025-01-01 10:28:44,0.0,206.76,0.00,0.00,TUNING,0.0,cool,1,2
2025-01-01 10:28:46,0.0,206.24,0.00,0.00,TUNING,0.0,cool,1,2
2025-01-01 10:28:48,0.0,205.72,0.00,0.00,TUNING,0.0,cool,1,2
2025-01-01 10:28:50,0.0,205.21,0.00,0.00,TUNING,0.0,cool,1,2
2025-01-01 10:28:52,0.0,204.69,0.00,0.00,TUNING,0.0,cool,1,2
2025-01-01 10:28:54,0.0,204.18,0.00,0.00,TUNING,0.0,cool,1,2
2025-01-01 10:28:56,0.0,203.67,0.00,0.00,TUNING,0.0,cool,1,2
2025-01-01 10:28:58,0.0,203.16,0.00,0.00,TUNING,0.0,cool,1,2
2025-01-01 10:29:00,0.0,202.65,0.00,0.00,TUNING,0.0,cool,1,2
2025-01-01 10:29:02,0.0,202.14,0.00,0.00,TUNING,0.0,cool,1,2
2025-01-01 10:29:04,0.0,201.64,0.00,0.00,TUNING,0.0,cool,1,2
2025-01-01 10:29:06,0.0,201.13,0.00,0.00,TUNING,0.0,cool,1,2
2025-01-01 10:29:08,0.0,200.63,0.00,0.00,TUNING,0.0,cool,1,2
2025-01-01 10:29:10,0.0,200.13,0.00,0.00,TUNING,0.0,cool,1,2
2025-01-01 10:29:12,0.0,199.63,0.00,0.00,TUNING,0.0,cool,1,2
2025-01-01 10:29:14,0.0,199.13,0.00,0.00,TUNING,0.0,cool,1,2
2025-01-01 10:29:16,0.0,198.63,0.00,0.00,TUNING,0.0,cool,1,2
2025-01-01 10:29:18,0.0,198.14,0.00,0.00,TUNING,0.0,cool,1,2
2025-01-01 10:29:20,0.0,197.65,0.00,0.00,TUNING,0.0,cool,1,2
2025-01-01 10:29:22,0.0,197.15,0.00,0.00,TUNING,0.0,cool,1,2
2025-01-01 10:29:24,0.0,196.66,0.00,0.00,TUNING,0.0,cool,1,2
2025-01-01 10:29:26,0.0,196.17,0.00,0.00,TUNING,0.0,cool,1,2
2025-01-01 10:29:28,0.0,195.68,0.00,0.00,TUNING,0.0,cool,1,2
2025-01-01 10:29:30,0.0,195.20,0.00,0.00,TUNING,0.0,cool,1,2
2025-01-01 10:29:32,0.0,194.71,0.00,0.00,TUNING,0.0,cool,1,2
2025-01-01 10:29:34,0.0,194.23,0.00,0.00,TUNING,0.0,cool,1,2
2025-01-01 10:29:36,0.0,193.74,0.00,0.00,TUNING,0.0,cool,1,2
2025-01-01 10:29:38,0.0,193.26,0.00,0.00,TUNING,0.0,cool,1,2
2025-01-01 10:29:40,0.0,192.78,0.00,0.00,TUNING,0.0,cool,1,2
2025-01-01 10:29:42,0.0,192.30,0.00,0.00,TUNING,0.0,cool,1,2
2025-01-01 10:29:44,0.0,191.83,0.00,0.00,TUNING,0.0,cool,1,2
2025-01-01 10:29:46,0.0,191.35,0.00,0.00,TUNING,0.0,cool,1,2
2025-01-01 10:29:48,0.0,190.88,0.00,0.00,TUNING,0.0,cool,1,2
2025-01-01 10:29:50,0.0,190.40,0.00,0.00,TUNING,0.0,cool,1,2
2025-01-01 10:29:52,0.0,189.93,0.00,0.00,TUNING,0.0,cool,1,2
2025-01-01 10:29:54,0.0,189.46,0.00,0.00,TUNING,0.0,cool,1,2
2025-01-01 10:29:56,0.0,188.99,0.00,0.00,TUNING,0.0,cool,1,2
2025-01-01 10:29:58,0.0,188.52,0.00,0.00,TUNING,0.0,cool,1,2
2025-01-01 10:30:00,0.0,188.06,0.00,0.00,TUNING,0.0,cool,1,2
2025-01-01 10:30:02,0.0,187.59,0.00,0.00,TUNING,0.0,cool,1,2
2025-01-01 10:30:04,0.0,187.13,0.00,0.00,TUNING,0.0,cool,1,2
2025-01-01 10:30:06,0.0,186.66,0.00,0.00,TUNING,0.0,cool,1,2
2025-01-01 10:30:08,0.0,186.20,0.00,0.00,TUNING,0.0,cool,1,2
2025-01-01 10:30:10,0.0,185.74,0.00,0.00,TUNING,0.0,cool,1,2
2025-01-01 10:30:12,0.0,185.29,0.00,0.00,TUNING,0.0,cool,1,2
2025-01-01 10:30:14,0.0,184.83,0.00,0.00,TUNING,0.0,cool,1,2
2025-01-01 10:30:16,0.0,184.37,0.00,0.00,TUNING,0.0,cool,1,2
2025-01-01 10:30:18,0.0,183.92,0.00,0.00,TUNING,0.0,cool,1,2
2025-01-01 10:30:20,0.0,183.46,0.00,0.00,TUNING,0.0,cool,1,2
2025-01-01 10:30:22,0.0,183.01,0.00,0.00,TUNING,0.0,cool,1,2
2025-01-01 10:30:24,0.0,182.56,0.00,0.00,TUNING,0.0,cool,1,2
2025-01-01 10:30:26,0.0,182.11,0.00,0.00,TUNING,0.0,cool,1,2
2025-01-01 10:30:28,0.0,181.66,0.00,0.00,TUNING,0.0,cool,1,2
2025-01-01 10:30:30,0.0,181.22,0.00,0.00,TUNING,0.0,cool,1,2
2025-01-01 10:30:32,0.0,180.77,0.00,0.00,TUNING,0.0,cool,1,2
2025-01-01 10:30:34,0.0,180.33,0.00,0.00,TUNING,0.0,cool,1,2
2025-01-01 10:30:36,0.0,179.88,0.00,0.00,TUNING,0.0,cool,1,2
2025-01-01 10:30:38,0.0,179.44,0.00,0.00,TUNING,0.0,cool,1,2
2025-01-01 10:30:40,0.0,179.00,0.00,0.00,TUNING,0.0,cool,1,2
2025-01-01 10:30:42,0.0,178.56,0.00,0.00,TUNING,0.0,cool,1,2
2025-01-01 10:30:44,0.0,178.12,0.00,0.00,TUNING,0.0,cool,1,2
2025-01-01 10:30:46,0.0,177.69,0.00,0.00,TUNING,0.0,cool,1,2
2025-01-01 10:30:48,0.0,177.25,0.00,0.00,TUNING,0.0,cool,1,2
2025-01-01 10:30:50,0.0,176.82,0.00,0.00,TUNING,0.0,cool,1,2
2025-01-01 10:30:52,0.0,176.38,0.00,0.00,TUNING,0.0,cool,1,2
2025-01-01 10:30:54,0.0,175.95,0.00,0.00,TUNING,0.0,cool,1,2
2025-01-01 10:30:56,0.0,175.52,0.00,0.00,TUNING,0.0,cool,1,2
2025-01-01 10:30:58,0.0,175.09,0.00,0.00,TUNING,0.0,cool,1,2
2025-01-01 10:31:00,0.0,174.66,0.00,0.00,TUNING,0.0,cool,1,2
2025-01-01 10:31:02,0.0,174.24,0.00,0.00,TUNING,0.0,cool,1,2
2025-01-01 10:31:04,0.0,173.81,0.00,0.00,TUNING,0.0,cool,1,2
2025-01-01 10:31:06,0.0,173.39,0.00,0.00,TUNING,0.0,cool,1,2
2025-01-01 10:31:08,0.0,172.96,0.00,0.00,TUNING,0.0,cool,1,2
2025-01-01 10:31:10,0.0,172.54,0.00,0.00,TUNING,0.0,cool,1,2
2025-01-01 10:31:12,0.0,172.12,0.00,0.00,TUNING,0.0,cool,1,2
2025-01-01 10:31:14,0.0,171.70,0.00,0.00,TUNING,0.0,cool,1,2
2025-01-01 10:31:16,0.0,171.28,0.00,0.00,TUNING,0.0,cool,1,2
2025-01-01 10:31:18,0.0,170.86,0.00,0.00,TUNING,0.0,cool,1,2
2025-01-01 10:31:20,0.0,170.45,0.00,0.00,TUNING,0.0,cool,1,2
2025-01-01 10:31:22,0.0,170.03,0.00,0.00,TUNING,0.0,cool,1,2
2025-01-01 10:31:24,0.0,169.62,0.00,0.00,TUNING,0.0,cool,1,2
2025-01-01 10:31:26,0.0,169.21,0.00,0.00,TUNING,0.0,cool,1,2
2025-01-01 10:31:28,0.0,168.79,0.00,0.00,TUNING,0.0,cool,1,2
2025-01-01 10:31:30,0.0,168.38,0.00,0.00,TUNING,0.0,cool,1,2
2025-01-01 10:31:32,0.0,167.97,0.00,0.00,TUNING,0.0,cool,1,2
2025-01-01 10:31:34,0.0,167.57,0.00,0.00,TUNING,0.0,cool,1,2
2025-01-01 10:31:36,0.0,167.16,0.00,0.00,TUNING,0.0,cool,1,2
2025-01-01 10:31:38,0.0,166.75,0.00,0.00,TUNING,0.0,cool,1,2
2025-01-01 10:31:40,0.0,166.35,0.00,0.00,TUNING,0.0,cool,1,2
2025-01-01 10:31:42,0.0,165.95,0.00,0.00,TUNING,0.0,cool,1,2
2025-01-01 10:31:44,0.0,165.54,0.00,0.00,TUNING,0.0,cool,1,2
2025-01-01 10:31:46,0.0,165.14,0.00,0.00,TUNING,0.0,cool,1,2
2025-01-01 10:31:48,0.0,164.74,0.00,0.00,TUNING,0.0,cool,1,2
2025-01-01 10:31:50,0.0,164.35,0.00,0.00,TUNING,0.0,cool,1,2
2025-01-01 10:31:52,0.0,163.95,0.00,0.00,TUNING,0.0,cool,1,2
2025-01-01 10:31:54,0.0,163.55,0.00,0.00,TUNING,0.0,cool,1,2
2025-01-01 10:31:56,0.0,163.16,0.00,0.00,TUNING,0.0,cool,1,2
2025-01-01 10:31:58,0.0,162.76,0.00,0.00,TUNING,0.0,cool,1,2
2025-01-01 10:32:00,0.0,162.37,0.00,0.00,TUNING,0.0,cool,1,2
2025-01-01 10:32:02,0.0,161.98,0.00,0.00,TUNING,0.0,cool,1,2
2025-01-01 10:32:04,0.0,161.59,0.00,0.00,TUNING,0.0,cool,1,2
2025-01-01 10:32:06,0.0,161.20,0.00,0.00,TUNING,0.0,cool,1,2
2025-01-01 10:32:08,0.0,160.81,0.00,0.00,TUNING,0.0,cool,1,2
2025-01-01 10:32:10,0.0,160.42,0.00,0.00,TUNING,0.0,cool,1,2
2025-01-01 10:32:12,0.0,160.03,0.00,0.00,TUNING,0.0,cool,1,2
2025-01-01 10:32:14,0.0,159.65,0.00,0.00,TUNING,0.0,cool,1,2
2025-01-01 10:32:16,0.0,159.26,0.00,0.00,TUNING,0.0,cool,1,2
2025-01-01 10:32:18,0.0,158.88,0.00,0.00,TUNING,0.0,cool,1,2
2025-01-01 10:32:20,0.0,158.50,0.00,0.00,TUNING,0.0,cool,1,2
2025-01-01 10:32:22,0.0,158.12,0.00,0.00,TUNING,0.0,cool,1,2
2025-01-01 10:32:24,0.0,157.74,0.00,0.00,TUNING,0.0,cool,1,2
2025-01-01 10:32:26,0.0,157.36,0.00,0.00,TUNING,0.0,cool,1,2
2025-01-01 10:32:28,0.0,156.98,0.00,0.00,TUNING,0.0,cool,1,2
2025-01-01 10:32:30,0.0,156.61,0.00,0.00,TUNING,0.0,cool,1,2
2025-01-01 10:32:32,0.0,156.23,0.00,0.00,TUNING,0.0,cool,1,2
2025-01-01 10:32:34,0.0,155.86,0.00,0.00,TUNING,0.0,cool,1,2
2025-01-01 10:32:36,0.0,155.48,0.00,0.00,TUNING,0.0,cool,1,2
2025-01-01 10:32:38,0.0,155.11,0.00,0.00,TUNING,0.0,cool,1,2
2025-01-01 10:32:40,0.0,154.74,0.00,0.00,TUNING,0.0,cool,1,2
2025-01-01 10:32:42,0.0,154.37,0.00,0.00,TUNING,0.0,cool,1,2
2025-01-01 10:32:44,0.0,154.00,0.00,0.00,TUNING,0.0,cool,1,2
2025-01-01 10:32:46,0.0,153.63,0.00,0.00,TUNING,0.0,cool,1,2
2025-01-01 10:32:48,0.0,153.26,0.00,0.00,TUNING,0.0,cool,1,2
2025-01-01 10:32:50,0.0,152.90,0.00,0.00,TUNING,0.0,cool,1,2
2025-01-01 10:32:52,0.0,152.53,0.00,0.00,TUNING,0.0,cool,1,2
2025-01-01 10:32:54,0.0,152.17,0.00,0.00,TUNING,0.0,cool,1,2
2025-01-01 10:32:56,0.0,151.81,0.00,0.00,TUNING,0.0,cool,1,2
2025-01-01 10:32:58,0.0,151.45,0.00,0.00,TUNING,0.0,cool,1,2
2025-01-01 10:33:00,0.0,151.08,0.00,0.00,TUNING,0.0,cool,1,2
2025-01-01 10:33:02,0.0,150.73,0.00,0.00,TUNING,0.0,cool,1,2
2025-01-01 10:33:04,0.0,150.37,0.00,0.00,TUNING,0.0,cool,1,2
2025-01-01 10:33:06,0.0,150.01,0.00,0.00,TUNING,0.0,cool,1,2
2025-01-01 10:33:08,0.0,149.65,0.00,0.00,TUNING,0.0,cool,1,2
2025-01-01 10:33:10,0.0,149.30,0.00,0.00,TUNING,0.0,cool,1,2
2025-01-01 10:33:12,0.0,148.94,0.00,0.00,TUNING,0.0,cool,1,2
2025-01-01 10:33:14,0.0,148.59,0.00,0.00,TUNING,0.0,cool,1,2
2025-01-01 10:33:16,0.0,148.24,0.00,0.00,TUNING,0.0,cool,1,2
2025-01-01 10:33:18,0.0,147.88,0.00,0.00,TUNING,0.0,cool,1,2
2025-01-01 10:33:20,0.0,147.53,0.00,0.00,TUNING,0.0,cool,1,2
2025-01-01 10:33:22,0.0,147.18,0.00,0.00,TUNING,0.0,cool,1,2
2025-01-01 10:33:24,0.0,146.84,0.00,0.00,TUNING,0.0,cool,1,2
2025-01-01 10:33:26,0.0,146.49,0.00,0.00,TUNING,0.0,cool,1,2
2025-01-01 10:33:28,0.0,146.14,0.00,0.00,TUNING,0.0,cool,1,2
2025-01-01 10:33:30,0.0,145.80,0.00,0.00,TUNING,0.0,cool,1,2
2025-01-01 10:33:32,0.0,145.45,0.00,0.00,TUNING,0.0,cool,1,2
2025-01-01 10:33:34,0.0,145.11,0.00,0.00,TUNING,0.0,cool,1,2
2025-01-01 10:33:36,0.0,144.76,0.00,0.00,TUNING,0.0,cool,1,2
2025-01-01 10:33:38,0.0,144.42,0.00,0.00,TUNING,0.0,cool,1,2
2025-01-01 10:33:40,0.0,144.08,0.00,0.00,TUNING,0.0,cool,1,2
2025-01-01 10:33:42,0.0,143.74,0.00,0.00,TUNING,0.0,cool,1,2
2025-01-01 10:33:44,0.0,143.40,0.00,0.00,TUNING,0.0,cool,1,2
2025-01-01 10:33:46,0.0,143.07,0.00,0.00,TUNING,0.0,cool,1,2
2025-01-01 10:33:48,0.0,142.73,0.00,0.00,TUNING,0.0,cool,1,2
2025-01-01 10:33:50,0.0,142.39,0.00,0.00,TUNING,0.0,cool,1,2
2025-01-01 10:33:52,0.0,142.06,0.00,0.00,TUNING,0.0,cool,1,2
2025-01-01 10:33:54,0.0,141.72,0.00,0.00,TUNING,0.0,cool,1,2
2025-01-01 10:33:56,0.0,141.39,0.00,0.00,TUNING,0.0,cool,1,2
2025-01-01 10:33:58,0.0,141.06,0.00,0.00,TUNING,0.0,cool,1,2
2025-01-01 10:34:00,0.0,140.73,0.00,0.00,TUNING,0.0,cool,1,2
2025-01-01 10:34:02,0.0,140.40,0.00,0.00,TUNING,0.0,cool,1,2
2025-01-01 10:34:04,0.0,140.07,0.00,0.00,TUNING,0.0,cool,1,2
2025-01-01 10:34:06,0.0,139.74,0.00,0.00,TUNING,0.0,cool,1,2
2025-01-01 10:34:08,0.0,139.41,0.00,0.00,TUNING,0.0,cool,1,2
2025-01-01 10:34:10,0.0,139.09,0.00,0.00,TUNING,0.0,cool,1,2
2025-01-01 10:34:12,0.0,138.76,0.00,0.00,TUNING,0.0,cool,1,2
2025-01-01 10:34:14,0.0,138.44,0.00,0.00,TUNING,0.0,cool,1,2
2025-01-01 10:34:16,0.0,138.11,0.00,0.00,TUNING,0.0,cool,1,2
2025-01-01 10:34:18,0.0,137.79,0.00,0.00,TUNING,0.0,cool,1,2
2025-01-01 10:34:20,0.0,137.47,0.00,0.00,TUNING,0.0,cool,1,2
2025-01-01 10:34:22,0.0,137.15,0.00,0.00,TUNING,0.0,cool,1,2
2025-01-01 10:34:24,0.0,136.83,0.00,0.00,TUNING,0.0,cool,1,2
2025-01-01 10:34:26,0.0,136.51,0.00,0.00,TUNING,0.0,cool,1,2
2025-01-01 10:34:28,0.0,136.19,0.00,0.00,TUNING,0.0,cool,1,2
2025-01-01 10:34:30,0.0,135.87,0.00,0.00,TUNING,0.0,cool,1,2
2025-01-01 10:34:32,0.0,135.56,0.00,0.00,TUNING,0.0,cool,1,2
2025-01-01 10:34:34,0.0,135.24,0.00,0.00,TUNING,0.0,cool,1,2
2025-01-01 10:34:36,0.0,134.93,0.00,0.00,TUNING,0.0,cool,1,2
2025-01-01 10:34:38,0.0,134.61,0.00,0.00,TUNING,0.0,cool,1,2
2025-01-01 10:34:40,0.0,134.30,0.00,0.00,TUNING,0.0,cool,1,2
2025-01-01 10:34:42,0.0,133.99,0.00,0.00,TUNING,0.0,cool,1,2
2025-01-01 10:34:44,0.0,133.68,0.00,0.00,TUNING,0.0,cool,1,2
2025-01-01 10:34:46,0.0,133.37,0.00,0.00,TUNING,0.0,cool,1,2
2025-01-01 10:34:48,0.0,133.06,0.00,0.00,TUNING,0.0,cool,1,2
2025-01-01 10:34:50,0.0,132.75,0.00,0.00,TUNING,0.0,cool,1,2
2025-01-01 10:34:52,0.0,132.44,0.00,0.00,TUNING,0.0,cool,1,2
2025-01-01 10:34:54,0.0,132.14,0.00,0.00,TUNING,0.0,cool,1,2
2025-01-01 10:34:56,0.0,131.83,0.00,0.00,TUNING,0.0,cool,1,2
2025-01-01 10:34:58,0.0,131.53,0.00,0.00,TUNING,0.0,cool,1,2
2025-01-01 10:35:00,0.0,131.22,0.00,0.00,TUNING,0.0,cool,1,2
2025-01-01 10:35:02,0.0,130.92,0.00,0.00,TUNING,0.0,cool,1,2
2025-01-01 10:35:04,0.0,130.62,0.00,0.00,TUNING,0.0,cool,1,2
2025-01-01 10:35:06,0.0,130.31,0.00,0.00,TUNING,0.0,cool,1,2
2025-01-01 10:35:08,0.0,130.01,0.00,0.00,TUNING,0.0,cool,1,2
2025-01-01 10:35:10,0.0,129.71,0.00,0.00,TUNING,0.0,cool,1,2
2025-01-01 10:35:12,0.0,129.42,0.00,0.00,TUNING,0.0,cool,1,2
2025-01-01 10:35:14,0.0,129.12,0.00,0.00,TUNING,0.0,cool,1,2
2025-01-01 10:35:16,0.0,128.82,0.00,0.00,TUNING,0.0,cool,1,2
2025-01-01 10:35:18,0.0,128.52,0.00,0.00,TUNING,0.0,cool,1,2
2025-01-01 10:35:20,0.0,128.23,0.00,0.00,TUNING,0.0,cool,1,2
2025-01-01 10:35:22,0.0,127.93,0.00,0.00,TUNING,0.0,cool,1,2
2025-01-01 10:35:24,0.0,127.64,0.00,0.00,TUNING,0.0,cool,1,2
2025-01-01 10:35:26,0.0,127.35,0.00,0.00,TUNING,0.0,cool,1,2
2025-01-01 10:35:28,0.0,127.06,0.00,0.00,TUNING,0.0,cool,1,2
2025-01-01 10:35:30,0.0,126.77,0.00,0.00,TUNING,0.0,cool,1,2
2025-01-01 10:35:32,0.0,126.47,0.00,0.00,TUNING,0.0,cool,1,2
2025-01-01 10:35:34,0.0,126.19,0.00,0.00,TUNING,0.0,cool,1,2
2025-01-01 10:35:36,0.0,125.90,0.00,0.00,TUNING,0.0,cool,1,2
2025-01-01 10:35:38,0.0,125.61,0.00,0.00,TUNING,0.0,cool,1,2
2025-01-01 10:35:40,0.0,125.32,0.00,0.00,TUNING,0.0,cool,1,2
2025-01-01 10:35:42,0.0,125.04,0.00,0.00,TUNING,0.0,cool,1,2
2025-01-01 10:35:44,0.0,124.75,0.00,0.00,TUNING,0.0,cool,1,2
2025-01-01 10:35:46,0.0,124.47,0.00,0.00,TUNING,0.0,cool,1,2
2025-01-01 10:35:48,0.0,124.18,0.00,0.00,TUNING,0.0,cool,1,2
2025-01-01 10:35:50,0.0,123.90,0.00,0.00,TUNING,0.0,cool,1,2
2025-01-01 10:35:52,0.0,123.62,0.00,0.00,TUNING,0.0,cool,1,2
2025-01-01 10:35:54,0.0,123.34,0.00,0.00,TUNING,0.0,cool,1,2
2025-01-01 10:35:56,0.0,123.05,0.00,0.00,TUNING,0.0,cool,1,2
2025-01-01 10:35:58,0.0,122.77,0.00,0.00,TUNING,0.0,cool,1,2
2025-01-01 10:36:00,0.0,122.50,0.00,0.00,TUNING,0.0,cool,1,2
2025-01-01 10:36:02,0.0,122.22,0.00,0.00,TUNING,0.0,cool,1,2
2025-01-01 10:36:04,0.0,121.94,0.00,0.00,TUNING,0.0,cool,1,2
2025-01-01 10:36:06,0.0,121.66,0.00,0.00,TUNING,0.0,cool,1,2
2025-01-01 10:36:08,0.0,121.39,0.00,0.00,TUNING,0.0,cool,1,2
2025-01-01 10:36:10,0.0,121.11,0.00,0.00,TUNING,0.0,cool,1,2
2025-01-01 10:36:12,0.0,120.84,0.00,0.00,TUNING,0.0,cool,1,2
2025-01-01 10:36:14,0.0,120.57,0.00,0.00,TUNING,0.0,cool,1,2
2025-01-01 10:36:16,0.0,120.29,0.00,0.00,TUNING,0.0,cool,1,2
2025-01-01 10:36:18,0.0,120.02,0.00,0.00,TUNING,0.0,cool,1,2
2025-01-01 10:36:20,0.0,119.75,0.00,0.00,TUNING,0.0,cool,1,2
2025-01-01 10:36:22,0.0,119.48,0.00,0.00,TUNING,0.0,cool,1,2
2025-01-01 10:36:24,0.0,119.21,0.00,0.00,TUNING,0.0,cool,1,2
2025-01-01 10:36:26,0.0,118.94,0.00,0.00,TUNING,0.0,cool,1,2
2025-01-01 10:36:28,0.0,118.67,0.00,0.00,TUNING,0.0,cool,1,2
2025-01-01 10:36:30,0.0,118.41,0.00,0.00,TUNING,0.0,cool,1,2
2025-01-01 10:36:32,0.0,118.14,0.00,0.00,TUNING,0.0,cool,1,2
2025-01-01 10:36:34,0.0,117.87,0.00,0.00,TUNING,0.0,cool,1,2
2025-01-01 10:36:36,0.0,117.61,0.00,0.00,TUNING,0.0,cool,1,2
2025-01-01 10:36:38,0.0,117.34,0.00,0.00,TUNING,0.0,cool,1,2
2025-01-01 10:36:40,0.0,117.08,0.00,0.00,TUNING,0.0,cool,1,2
2025-01-01 10:36:42,0.0,116.82,0.00,0.00,TUNING,0.0,cool,1,2
2025-01-01 10:36:44,0.0,116.56,0.00,0.00,TUNING,0.0,cool,1,2
2025-01-01 10:36:46,0.0,116.30,0.00,0.00,TUNING,0.0,cool,1,2
2025-01-01 10:36:48,0.0,116.03,0.00,0.00,TUNING,0.0,cool,1,2
2025-01-01 10:36:50,0.0,115.77,0.00,0.00,TUNING,0.0,cool,1,2
2025-01-01 10:36:52,0.0,115.52,0.00,0.00,TUNING,0.0,cool,1,2
2025-01-01 10:36:54,0.0,115.26,0.00,0.00,TUNING,0.0,cool,1,2
2025-01-01 10:36:56,0.0,115.00,0.00,0.00,TUNING,0.0,cool,1,2
2025-01-01 10:36:58,0.0,114.74,0.00,0.00,TUNING,0.0,cool,1,2
2025-01-01 10:37:00,0.0,114.49,0.00,0.00,TUNING,0.0,cool,1,2
2025-01-01 10:37:02,0.0,114.23,0.00,0.00,TUNING,0.0,cool,1,2
2025-01-01 10:37:04,0.0,113.98,0.00,0.00,TUNING,0.0,cool,1,2
2025-01-01 10:37:06,0.0,113.72,0.00,0.00,TUNING,0.0,cool,1,2
2025-01-01 10:37:08,0.0,113.47,0.00,0.00,TUNING,0.0,cool,1,2
2025-01-01 10:37:10,0.0,113.22,0.00,0.00,TUNING,0.0,cool,1,2
2025-01-01 10:37:12,0.0,112.97,0.00,0.00,TUNING,0.0,cool,1,2
2025-01-01 10:37:14,0.0,112.72,0.00,0.00,TUNING,0.0,cool,1,2
2025-01-01 10:37:16,0.0,112.47,0.00,0.00,TUNING,0.0,cool,1,2
2025-01-01 10:37:18,0.0,112.22,0.00,0.00,TUNING,0.0,cool,1,2
2025-01-01 10:37:20,0.0,111.97,0.00,0.00,TUNING,0.0,cool,1,2
2025-01-01 10:37:22,0.0,111.72,0.00,0.00,TUNING,0.0,cool,1,2
2025-01-01 10:37:24,0.0,111.47,0.00,0.00,TUNING,0.0,cool,1,2
2025-01-01 10:37:26,0.0,111.22,0.00,0.00,TUNING,0.0,cool,1,2
2025-01-01 10:37:28,0.0,110.98,0.00,0.00,TUNING,0.0,cool,1,2
2025-01-01 10:37:30,0.0,110.73,0.00,0.00,TUNING,0.0,cool,1,2
2025-01-01 10:37:32,0.0,110.49,0.00,0.00,TUNING,0.0,cool,1,2
2025-01-01 10:37:34,0.0,110.24,0.00,0.00,TUNING,0.0,cool,1,2
2025-01-01 10:37:36,0.0,110.00,0.00,0.00,TUNING,0.0,cool,1,2
2025-01-01 10:37:38,0.0,109.76,0.00,0.00,TUNING,0.0,cool,1,2
2025-01-01 10:37:40,0.0,109.52,0.00,0.00,TUNING,0.0,cool,1,2
2025-01-01 10:37:42,0.0,109.28,0.00,0.00,TUNING,0.0,cool,1,2
2025-01-01 10:37:44,0.0,109.04,0.00,0.00,TUNING,0.0,cool,1,2
2025-01-01 10:37:46,0.0,108.80,0.00,0.00,TUNING,0.0,cool,1,2
2025-01-01 10:37:48,0.0,108.56,0.00,0.00,TUNING,0.0,cool,1,2
2025-01-01 10:37:50,0.0,108.32,0.00,0.00,TUNING,0.0,cool,1,2
2025-01-01 10:37:52,0.0,108.08,0.00,0.00,TUNING,0.0,cool,1,2
2025-01-01 10:37:54,0.0,107.84,0.00,0.00,TUNING,0.0,cool,1,2
2025-01-01 10:37:56,0.0,107.61,0.00,0.00,TUNING,0.0,cool,1,2
2025-01-01 10:37:58,0.0,107.37,0.00,0.00,TUNING,0.0,cool,1,2
2025-01-01 10:38:00,0.0,107.14,0.00,0.00,TUNING,0.0,cool,1,2
2025-01-01 10:38:02,0.0,106.90,0.00,0.00,TUNING,0.0,cool,1,2
2025-01-01 10:38:04,0.0,106.67,0.00,0.00,TUNING,0.0,cool,1,2
2025-01-01 10:38:06,0.0,106.44,0.00,0.00,TUNING,0.0,cool,1,2
2025-01-01 10:38:08,0.0,106.20,0.00,0.00,TUNING,0.0,cool,1,2
2025-01-01 10:38:10,0.0,105.97,0.00,0.00,TUNING,0.0,cool,1,2
2025-01-01 10:38:12,0.0,105.74,0.00,0.00,TUNING,0.0,cool,1,2
2025-01-01 10:38:14,0.0,105.51,0.00,0.00,TUNING,0.0,cool,1,2
2025-01-01 10:38:16,0.0,105.28,0.00,0.00,TUNING,0.0,cool,1,2
2025-01-01 10:38:18,0.0,105.05,0.00,0.00,TUNING,0.0,cool,1,2
2025-01-01 10:38:20,0.0,104.82,0.00,0.00,TUNING,0.0,cool,1,2
2025-01-01 10:38:22,0.0,104.60,0.00,0.00,TUNING,0.0,cool,1,2
2025-01-01 10:38:24,0.0,104.37,0.00,0.00,TUNING,0.0,cool,1,2
2025-01-01 10:38:26,0.0,104.14,0.00,0.00,TUNING,0.0,cool,1,2
2025-01-01 10:38:28,0.0,103.92,0.00,0.00,TUNING,0.0,cool,1,2
2025-01-01 10:38:30,0.0,103.69,0.00,0.00,TUNING,0.0,cool,1,2
2025-01-01 10:38:32,0.0,103.47,0.00,0.00,TUNING,0.0,cool,1,2
2025-01-01 10:38:34,0.0,103.24,0.00,0.00,TUNING,0.0,cool,1,2
2025-01-01 10:38:36,0.0,103.02,0.00,0.00,TUNING,0.0,cool,1,2
2025-01-01 10:38:38,0.0,102.80,0.00,0.00,TUNING,0.0,cool,1,2
2025-01-01 10:38:40,0.0,102.57,0.00,0.00,TUNING,0.0,cool,1,2
2025-01-01 10:38:42,0.0,102.35,0.00,0.00,TUNING,0.0,cool,1,2
2025-01-01 10:38:44,0.0,102.13,0.00,0.00,TUNING,0.0,cool,1,2
2025-01-01 10:38:46,0.0,101.91,0.00,0.00,TUNING,0.0,cool,1,2
2025-01-01 10:38:48,0.0,101.69,0.00,0.00,TUNING,0.0,cool,1,2
2025-01-01 10:38:50,0.0,101.47,0.00,0.00,TUNING,0.0,cool,1,2
2025-01-01 10:38:52,0.0,101.26,0.00,0.00,TUNING,0.0,cool,1,2
2025-01-01 10:38:54,0.0,101.04,0.00,0.00,TUNING,0.0,cool,1,2
2025-01-01 10:38:56,0.0,100.82,0.00,0.00,TUNING,0.0,cool,1,2
2025-01-01 10:38:58,0.0,100.61,0.00,0.00,TUNING,0.0,cool,1,2
2025-01-01 10:39:00,0.0,100.39,0.00,0.00,TUNING,0.0,cool,1,2
2025-01-01 10:39:02,0.0,100.17,0.00,0.00,TUNING,0.0,cool,1,2
2025-01-01 10:39:04,0.0,99.96,0.00,0.00,TUNING,0.0,cool,1,2
2025-01-01 10:39:06,0.0,99.75,0.00,0.00,TUNING,0.0,cool,1,2
2025-01-01 10:39:08,0.0,99.53,0.00,0.00,TUNING,0.0,cool,1,2
2025-01-01 10:39:10,0.0,99.32,0.00,0.00,TUNING,0.0,cool,1,2
2025-01-01 10:39:12,0.0,99.11,0.00,0.00,TUNING,0.0,cool,1,2
2025-01-01 10:39:14,0.0,98.90,0.00,0.00,TUNING,0.0,cool,1,2
2025-01-01 10:39:16,0.0,98.69,0.00,0.00,TUNING,0.0,cool,1,2
2025-01-01 10:39:18,0.0,98.48,0.00,0.00,TUNING,0.0,cool,1,2
2025-01-01 10:39:20,0.0,98.27,0.00,0.00,TUNING,0.0,cool,1,2
2025-01-01 10:39:22,0.0,98.06,0.00,0.00,TUNING,0.0,cool,1,2
2025-01-01 10:39:24,0.0,97.85,0.00,0.00,TUNING,0.0,cool,1,2
2025-01-01 10:39:26,0.0,97.64,0.00,0.00,TUNING,0.0,cool,1,2
2025-01-01 10:39:28,0.0,97.43,0.00,0.00,TUNING,0.0,cool,1,2
2025-01-01 10:39:30,0.0,97.23,0.00,0.00,TUNING,0.0,cool,1,2
2025-01-01 10:39:32,0.0,97.02,0.00,0.00,TUNING,0.0,cool,1,2
2025-01-01 10:39:34,0.0,96.82,0.00,0.00,TUNING,0.0,cool,1,2
2025-01-01 10:39:36,0.0,96.61,0.00,0.00,TUNING,0.0,cool,1,2
2025-01-01 10:39:38,0.0,96.41,0.00,0.00,TUNING,0.0,cool,1,2
2025-01-01 10:39:40,0.0,96.20,0.00,0.00,TUNING,0.0,cool,1,2
2025-01-01 10:39:42,0.0,96.00,0.00,0.00,TUNING,0.0,cool,1,2
2025-01-01 10:39:44,0.0,95.80,0.00,0.00,TUNING,0.0,cool,1,2
2025-01-01 10:39:46,0.0,95.59,0.00,0.00,TUNING,0.0,cool,1,2
2025-01-01 10:39:48,0.0,95.39,0.00,0.00,TUNING,0.0,cool,1,2
2025-01-01 10:39:50,0.0,95.19,0.00,0.00,TUNING,0.0,cool,1,2
2025-01-01 10:39:52,0.0,94.99,0.00,0.00,TUNING,0.0,cool,1,2
2025-01-01 10:39:54,0.0,94.79,0.00,0.00,TUNING,0.0,cool,1,2
2025-01-01 10:39:56,0.0,94.59,0.00,0.00,TUNING,0.0,cool,1,2
2025-01-01 10:39:58,0.0,94.39,0.00,0.00,TUNING,0.0,cool,1,2
2025-01-01 10:40:00,0.0,94.20,0.00,0.00,TUNING,0.0,cool,1,2
2025-01-01 10:40:02,0.0,94.00,0.00,0.00,TUNING,0.0,cool,1,2
2025-01-01 10:40:04,0.0,93.80,0.00,0.00,TUNING,0.0,cool,1,2
2025-01-01 10:40:06,0.0,93.61,0.00,0.00,TUNING,0.0,cool,1,2
2025-01-01 10:40:08,0.0,93.41,0.00,0.00,TUNING,0.0,cool,1,2
2025-01-01 10:40:10,0.0,93.22,0.00,0.00,TUNING,0.0,cool,1,2
2025-01-01 10:40:12,0.0,93.02,0.00,0.00,TUNING,0.0,cool,1,2
2025-01-01 10:40:14,0.0,92.83,0.00,0.00,TUNING,0.0,cool,1,2
2025-01-01 10:40:16,0.0,92.63,0.00,0.00,TUNING,0.0,cool,1,2
2025-01-01 10:40:18,0.0,92.44,0.00,0.00,TUNING,0.0,cool,1,2
2025-01-01 10:40:20,0.0,92.25,0.00,0.00,TUNING,0.0,cool,1,2
2025-01-01 10:40:22,0.0,92.06,0.00,0.00,TUNING,0.0,cool,1,2
2025-01-01 10:40:24,0.0,91.86,0.00,0.00,TUNING,0.0,cool,1,2
2025-01-01 10:40:26,0.0,91.67,0.00,0.00,TUNING,0.0,cool,1,2
2025-01-01 10:40:28,0.0,91.48,0.00,0.00,TUNING,0.0,cool,1,2
2025-01-01 10:40:30,0.0,91.29,0.00,0.00,TUNING,0.0,cool,1,2
2025-01-01 10:40:32,0.0,91.10,0.00,0.00,TUNING,0.0,cool,1,2
2025-01-01 10:40:34,0.0,90.92,0.00,0.00,TUNING,0.0,cool,1,2
2025-01-01 10:40:36,0.0,90.73,0.00,0.00,TUNING,0.0,cool,1,2
2025-01-01 10:40:38,0.0,90.54,0.00,0.00,TUNING,0.0,cool,1,2
2025-01-01 10:40:40,0.0,90.35,0.00,0.00,TUNING,0.0,cool,1,2
2025-01-01 10:40:42,0.0,90.17,0.00,0.00,TUNING,0.0,cool,1,2
2025-01-01 10:40:44,0.0,89.98,0.00,0.00,TUNING,0.0,cool,1,2
2025-01-01 10:40:46,0.0,89.80,0.00,0.00,TUNING,0.0,cool,1,2
2025-01-01 10:40:48,0.0,89.61,0.00,0.00,TUNING,0.0,cool,1,2
2025-01-01 10:40:50,0.0,89.43,0.00,0.00,TUNING,0.0,cool,1,2
2025-01-01 10:40:52,0.0,89.24,0.00,0.00,TUNING,0.0,cool,1,2
2025-01-01 10:40:54,0.0,89.06,0.00,0.00,TUNING,0.0,cool,1,2
2025-01-01 10:40:56,0.0,88.88,0.00,0.00,TUNING,0.0,cool,1,2
2025-01-01 10:40:58,0.0,88.69,0.00,0.00,TUNING,0.0,cool,1,2
2025-01-01 10:41:00,0.0,88.51,0.00,0.00,TUNING,0.0,cool,1,2
2025-01-01 10:41:02,0.0,88.33,0.00,0.00,TUNING,0.0,cool,1,2
2025-01-01 10:41:04,0.0,88.15,0.00,0.00,TUNING,0.0,cool,1,2
2025-01-01 10:41:06,0.0,87.97,0.00,0.00,TUNING,0.0,cool,1,2
2025-01-01 10:41:08,0.0,87.79,0.00,0.00,TUNING,0.0,cool,1,2
2025-01-01 10:41:10,0.0,87.61,0.00,0.00,TUNING,0.0,cool,1,2
2025-01-01 10:41:12,0.0,87.43,0.00,0.00,TUNING,0.0,cool,1,2
2025-01-01 10:41:14,0.0,87.26,0.00,0.00,TUNING,0.0,cool,1,2
2025-01-01 10:41:16,0.0,87.08,0.00,0.00,TUNING,0.0,cool,1,2
2025-01-01 10:41:18,0.0,86.90,0.00,0.00,TUNING,0.0,cool,1,2
2025-01-01 10:41:20,0.0,86.72,0.00,0.00,TUNING,0.0,cool,1,2
2025-01-01 10:41:22,0.0,86.55,0.00,0.00,TUNING,0.0,cool,1,2
2025-01-01 10:41:24,0.0,86.37,0.00,0.00,TUNING,0.0,cool,1,2
2025-01-01 10:41:26,0.0,86.20,0.00,0.00,TUNING,0.0,cool,1,2
2025-01-01 10:41:28,0.0,86.02,0.00,0.00,TUNING,0.0,cool,1,2
2025-01-01 10:41:30,0.0,85.85,0.00,0.00,TUNING,0.0,cool,1,2
2025-01-01 10:41:32,0.0,85.67,0.00,0.00,TUNING,0.0,cool,1,2
2025-01-01 10:41:34,0.0,85.50,0.00,0.00,TUNING,0.0,cool,1,2
2025-01-01 10:41:36,0.0,85.33,0.00,0.00,TUNING,0.0,cool,1,2
2025-01-01 10:41:38,0.0,85.16,0.00,0.00,TUNING,0.0,cool,1,2
2025-01-01 10:41:40,0.0,84.99,0.00,0.00,TUNING,0.0,cool,1,2
2025-01-01 10:41:42,0.0,84.81,0.00,0.00,TUNING,0.0,cool,1,2
2025-01-01 10:41:44,0.0,84.64,0.00,0.00,TUNING,0.0,cool,1,2
2025-01-01 10:41:46,0.0,84.47,0.00,0.00,TUNING,0.0,cool,1,2
2025-01-01 10:41:48,0.0,84.30,0.00,0.00,TUNING,0.0,cool,1,2
2025-01-01 10:41:50,0.0,84.13,0.00,0.00,TUNING,0.0,cool,1,2
2025-01-01 10:41:52,0.0,83.97,0.00,0.00,TUNING,0.0,cool,1,2
2025-01-01 10:41:54,0.0,83.80,0.00,0.00,TUNING,0.0,cool,1,2
2025-01-01 10:41:56,0.0,83.63,0.00,0.00,TUNING,0.0,cool,1,2
2025-01-01 10:41:58,0.0,83.46,0.00,0.00,TUNING,0.0,cool,1,2
2025-01-01 10:42:00,0.0,83.30,0.00,0.00,TUNING,0.0,cool,1,2
2025-01-01 10:42:02,0.0,83.13,0.00,0.00,TUNING,0.0,cool,1,2
2025-01-01 10:42:04,0.0,82.96,0.00,0.00,TUNING,0.0,cool,1,2
2025-01-01 10:42:06,0.0,82.80,0.00,0.00,TUNING,0.0,cool,1,2
2025-01-01 10:42:08,0.0,82.63,0.00,0.00,TUNING,0.0,cool,1,2
2025-01-01 10:42:10,0.0,82.47,0.00,0.00,TUNING,0.0,cool,1,2
2025-01-01 10:42:12,0.0,82.30,0.00,0.00,TUNING,0.0,cool,1,2
2025-01-01 10:42:14,0.0,82.14,0.00,0.00,TUNING,0.0,cool,1,2
2025-01-01 10:42:16,0.0,81.98,0.00,0.00,TUNING,0.0,cool,1,2
2025-01-01 10:42:18,0.0,81.82,0.00,0.00,TUNING,0.0,cool,1,2
2025-01-01 10:42:20,0.0,81.65,0.00,0.00,TUNING,0.0,cool,1,2
2025-01-01 10:42:22,0.0,81.49,0.00,0.00,TUNING,0.0,cool,1,2
2025-01-01 10:42:24,0.0,81.33,0.00,0.00,TUNING,0.0,cool,1,2
2025-01-01 10:42:26,0.0,81.17,0.00,0.00,TUNING,0.0,cool,1,2
2025-01-01 10:42:28,0.0,81.01,0.00,0.00,TUNING,0.0,cool,1,2
2025-01-01 10:42:30,0.0,80.85,0.00,0.00,TUNING,0.0,cool,1,2
2025-01-01 10:42:32,0.0,80.69,0.00,0.00,TUNING,0.0,cool,1,2
2025-01-01 10:42:34,0.0,80.53,0.00,0.00,TUNING,0.0,cool,1,2
2025-01-01 10:42:36,0.0,80.37,0.00,0.00,TUNING,0.0,cool,1,2
2025-01-01 10:42:38,0.0,80.22,0.00,0.00,TUNING,0.0,cool,1,2
2025-01-01 10:42:40,0.0,80.06,0.00,0.00,TUNING,0.0,cool,1,2
2025-01-01 10:42:42,0.0,79.90,0.00,0.00,TUNING,0.0,cool,1,2
2025-01-01 10:42:44,0.0,79.74,0.00,0.00,TUNING,0.0,cool,1,2
2025-01-01 10:42:46,0.0,79.59,0.00,0.00,TUNING,0.0,cool,1,2
2025-01-01 10:42:48,0.0,79.43,0.00,0.00,TUNING,0.0,cool,1,2
2025-01-01 10:42:50,0.0,79.28,0.00,0.00,TUNING,0.0,cool,1,2
2025-01-01 10:42:52,0.0,79.12,0.00,0.00,TUNING,0.0,cool,1,2
2025-01-01 10:42:54,0.0,78.97,0.00,0.00,TUNING,0.0,cool,1,2
2025-01-01 10:42:56,0.0,78.81,0.00,0.00,TUNING,0.0,cool,1,2
2025-01-01 10:42:58,0.0,78.66,0.00,0.00,TUNING,0.0,cool,1,2
2025-01-01 10:43:00,0.0,78.51,0.00,0.00,TUNING,0.0,cool,1,2
2025-01-01 10:43:02,0.0,78.35,0.00,0.00,TUNING,0.0,cool,1,2
2025-01-01 10:43:04,0.0,78.20,0.00,0.00,TUNING,0.0,cool,1,2
2025-01-01 10:43:06,0.0,78.05,0.00,0.00,TUNING,0.0,cool,1,2
2025-01-01 10:43:08,0.0,77.90,0.00,0.00,TUNING,0.0,cool,1,2
2025-01-01 10:43:10,0.0,77.75,0.00,0.00,TUNING,0.0,cool,1,2
2025-01-01 10:43:12,0.0,77.60,0.00,0.00,TUNING,0.0,cool,1,2
2025-01-01 10:43:14,0.0,77.45,0.00,0.00,TUNING,0.0,cool,1,2
2025-01-01 10:43:16,0.0,77.30,0.00,0.00,TUNING,0.0,cool,1,2
2025-01-01 10:43:18,0.0,77.15,0.00,0.00,TUNING,0.0,cool,1,2
2025-01-01 10:43:20,0.0,77.00,0.00,0.00,TUNING,0.0,cool,1,2
2025-01-01 10:43:22,0.0,76.85,0.00,0.00,TUNING,0.0,cool,1,2
2025-01-01 10:43:24,0.0,76.70,0.00,0.00,TUNING,0.0,cool,1,2
2025-01-01 10:43:26,0.0,76.56,0.00,0.00,TUNING,0.0,cool,1,2
2025-01-01 10:43:28,0.0,76.41,0.00,0.00,TUNING,0.0,cool,1,2
2025-01-01 10:43:30,0.0,76.26,0.00,0.00,TUNING,0.0,cool,1,2
2025-01-01 10:43:32,0.0,76.12,0.00,0.00,TUNING,0.0,cool,1,2
2025-01-01 10:43:34,0.0,75.97,0.00,0.00,TUNING,0.0,cool,1,2
2025-01-01 10:43:36,0.0,75.82,0.00,0.00,TUNING,0.0,cool,1,2
2025-01-01 10:43:38,0.0,75.68,0.00,0.00,TUNING,0.0,cool,1,2
2025-01-01 10:43:40,0.0,75.54,0.00,0.00,TUNING,0.0,cool,1,2
2025-01-01 10:43:42,0.0,75.39,0.00,0.00,TUNING,0.0,cool,1,2
2025-01-01 10:43:44,0.0,75.25,0.00,0.00,TUNING,0.0,cool,1,2
2025-01-01 10:43:46,0.0,75.10,0.00,0.00,TUNING,0.0,cool,1,2
2025-01-01 10:43:48,0.0,74.96,0.00,0.00,TUNING,0.0,cool,1,2
2025-01-01 10:43:50,0.0,74.82,0.00,0.00,TUNING,0.0,cool,1,2
2025-01-01 10:43:52,0.0,74.68,0.00,0.00,TUNING,0.0,cool,1,2
2025-01-01 10:43:54,0.0,74.53,0.00,0.00,TUNING,0.0,cool,1,2
2025-01-01 10:43:56,0.0,74.39,0.00,0.00,TUNING,0.0,cool,1,2
2025-01-01 10:43:58,0.0,74.25,0.00,0.00,TUNING,0.0,cool,1,2
2025-01-01 10:44:00,0.0,74.11,0.00,0.00,TUNING,0.0,cool,1,2
2025-01-01 10:44:02,0.0,73.97,0.00,0.00,TUNING,0.0,cool,1,2
2025-01-01 10:44:04,0.0,73.83,0.00,0.00,TUNING,0.0,cool,1,2
2025-01-01 10:44:06,0.0,73.69,0.00,0.00,TUNING,0.0,cool,1,2
2025-01-01 10:44:08,0.0,73.55,0.00,0.00,TUNING,0.0,cool,1,2
2025-01-01 10:44:10,0.0,73.42,0.00,0.00,TUNING,0.0,cool,1,2
2025-01-01 10:44:12,0.0,73.28,0.00,0.00,TUNING,0.0,cool,1,2
2025-01-01 10:44:14,0.0,73.14,0.00,0.00,TUNING,0.0,cool,1,2
2025-01-01 10:44:16,0.0,73.00,0.00,0.00,TUNING,0.0,cool,1,2
2025-01-01 10:44:18,0.0,72.86,0.00,0.00,TUNING,0.0,cool,1,2
2025-01-01 10:44:20,0.0,72.73,0.00,0.00,TUNING,0.0,cool,1,2
2025-01-01 10:44:22,0.0,72.59,0.00,0.00,TUNING,0.0,cool,1,2
2025-01-01 10:44:24,0.0,72.46,0.00,0.00,TUNING,0.0,cool,1,2
2025-01-01 10:44:26,0.0,72.32,0.00,0.00,TUNING,0.0,cool,1,2
2025-01-01 10:44:28,0.0,72.19,0.00,0.00,TUNING,0.0,cool,1,2
2025-01-01 10:44:30,0.0,72.05,0.00,0.00,TUNING,0.0,cool,1,2
2025-01-01 10:44:32,0.0,71.92,0.00,0.00,TUNING,0.0,cool,1,2
2025-01-01 10:44:34,0.0,71.78,0.00,0.00,TUNING,0.0,cool,1,2
2025-01-01 10:44:36,0.0,71.65,0.00,0.00,TUNING,0.0,cool,1,2
2025-01-01 10:44:38,0.0,71.52,0.00,0.00,TUNING,0.0,cool,1,2
2025-01-01 10:44:40,0.0,71.38,0.00,0.00,TUNING,0.0,cool,1,2
2025-01-01 10:44:42,0.0,71.25,0.00,0.00,TUNING,0.0,cool,1,2
2025-01-01 10:44:44,0.0,71.12,0.00,0.00,TUNING,0.0,cool,1,2
2025-01-01 10:44:46,0.0,70.99,0.00,0.00,TUNING,0.0,cool,1,2
2025-01-01 10:44:48,0.0,70.86,0.00,0.00,TUNING,0.0,cool,1,2
2025-01-01 10:44:50,0.0,70.73,0.00,0.00,TUNING,0.0,cool,1,2
2025-01-01 10:44:52,0.0,70.60,0.00,0.00,TUNING,0.0,cool,1,2
2025-01-01 10:44:54,0.0,70.47,0.00,0.00,TUNING,0.0,cool,1,2
2025-01-01 10:44:56,0.0,70.34,0.00,0.00,TUNING,0.0,cool,1,2
2025-01-01 10:44:58,0.0,70.21,0.00,0.00,TUNING,0.0,cool,1,2
2025-01-01 10:45:00,0.0,70.08,0.00,0.00,TUNING,0.0,cool,1,2
2025-01-01 10:45:02,0.0,69.95,0.00,0.00,TUNING,0.0,cool,1,2
2025-01-01 10:45:04,0.0,69.82,0.00,0.00,TUNING,0.0,cool,1,2
2025-01-01 10:45:06,0.0,69.69,0.00,0.00,TUNING,0.0,cool,1,2
2025-01-01 10:45:08,0.0,69.57,0.00,0.00,TUNING,0.0,cool,1,2
2025-01-01 10:45:10,0.0,69.44,0.00,0.00,TUNING,0.0,cool,1,2
2025-01-01 10:45:12,0.0,69.31,0.00,0.00,TUNING,0.0,cool,1,2
2025-01-01 10:45:14,0.0,69.18,0.00,0.00,TUNING,0.0,cool,1,2
2025-01-01 10:45:16,0.0,69.06,0.00,0.00,TUNING,0.0,cool,1,2
2025-01-01 10:45:18,0.0,68.93,0.00,0.00,TUNING,0.0,cool,1,2
2025-01-01 10:45:20,0.0,68.81,0.00,0.00,TUNING,0.0,cool,1,2
2025-01-01 10:45:22,0.0,68.68,0.00,0.00,TUNING,0.0,cool,1,2
2025-01-01 10:45:24,0.0,68.56,0.00,0.00,TUNING,0.0,cool,1,2
2025-01-01 10:45:26,0.0,68.43,0.00,0.00,TUNING,0.0,cool,1,2
2025-01-01 10:45:28,0.0,68.31,0.00,0.00,TUNING,0.0,cool,1,2
2025-01-01 10:45:30,0.0,68.19,0.00,0.00,TUNING,0.0,cool,1,2
2025-01-01 10:45:32,0.0,68.06,0.00,0.00,TUNING,0.0,cool,1,2
2025-01-01 10:45:34,0.0,67.94,0.00,0.00,TUNING,0.0,cool,1,2
2025-01-01 10:45:36,0.0,67.82,0.00,0.00,TUNING,0.0,cool,1,2
2025-01-01 10:45:38,0.0,67.70,0.00,0.00,TUNING,0.0,cool,1,2
2025-01-01 10:45:40,0.0,67.57,0.00,0.00,TUNING,0.0,cool,1,2
2025-01-01 10:45:42,0.0,67.45,0.00,0.00,TUNING,0.0,cool,1,2
2025-01-01 10:45:44,0.0,67.33,0.00,0.00,TUNING,0.0,cool,1,2
2025-01-01 10:45:46,0.0,67.21,0.00,0.00,TUNING,0.0,cool,1,2
2025-01-01 10:45:48,0.0,67.09,0.00,0.00,TUNING,0.0,cool,1,2
2025-01-01 10:45:50,0.0,66.97,0.00,0.00,TUNING,0.0,cool,1,2
2025-01-01 10:45:52,0.0,66.85,0.00,0.00,TUNING,0.0,cool,1,2
2025-01-01 10:45:54,0.0,66.73,0.00,0.00,TUNING,0.0,cool,1,2
2025-01-01 10:45:56,0.0,66.61,0.00,0.00,TUNING,0.0,cool,1,2
2025-01-01 10:45:58,0.0,66.49,0.00,0.00,TUNING,0.0,cool,1,2
2025-01-01 10:46:00,0.0,66.37,0.00,0.00,TUNING,0.0,cool,1,2
2025-01-01 10:46:02,0.0,66.26,0.00,0.00,TUNING,0.0,cool,1,2
2025-01-01 10:46:04,0.0,66.14,0.00,0.00,TUNING,0.0,cool,1,2
2025-01-01 10:46:06,0.0,66.02,0.00,0.00,TUNING,0.0,cool,1,2
2025-01-01 10:46:08,0.0,65.90,0.00,0.00,TUNING,0.0,cool,1,2
2025-01-01 10:46:10,0.0,65.79,0.00,0.00,TUNING,0.0,cool,1,2
2025-01-01 10:46:12,0.0,65.67,0.00,0.00,TUNING,0.0,cool,1,2
2025-01-01 10:46:14,0.0,65.56,0.00,0.00,TUNING,0.0,cool,1,2
2025-01-01 10:46:16,0.0,65.44,0.00,0.00,TUNING,0.0,cool,1,2
2025-01-01 10:46:18,0.0,65.32,0.00,0.00,TUNING,0.0,cool,1,2
2025-01-01 10:46:20,0.0,65.21,0.00,0.00,TUNING,0.0,cool,1,2
2025-01-01 10:46:22,0.0,65.09,0.00,0.00,TUNING,0.0,cool,1,2
2025-01-01 10:46:24,0.0,64.98,0.00,0.00,TUNING,0.0,cool,1,2
2025-01-01 10:46:26,0.0,64.87,0.00,0.00,TUNING,0.0,cool,1,2
2025-01-01 10:46:28,0.0,64.75,0.00,0.00,TUNING,0.0,cool,1,2
2025-01-01 10:46:30,0.0,64.64,0.00,0.00,TUNING,0.0,cool,1,2
2025-01-01 10:46:32,0.0,64.53,0.00,0.00,TUNING,0.0,cool,1,2
2025-01-01 10:46:34,0.0,64.41,0.00,0.00,TUNING,0.0,cool,1,2
2025-01-01 10:46:36,0.0,64.30,0.00,0.00,TUNING,0.0,cool,1,2
2025-01-01 10:46:38,0.0,64.19,0.00,0.00,TUNING,0.0,cool,1,2
2025-01-01 10:46:40,0.0,64.08,0.00,0.00,TUNING,0.0,cool,1,2
2025-01-01 10:46:42,0.0,63.97,0.00,0.00,TUNING,0.0,cool,1,2
2025-01-01 10:46:44,0.0,63.85,0.00,0.00,TUNING,0.0,cool,1,2
2025-01-01 10:46:46,0.0,63.74,0.00,0.00,TUNING,0.0,cool,1,2
2025-01-01 10:46:48,0.0,63.63,0.00,0.00,TUNING,0.0,cool,1,2
2025-01-01 10:46:50,0.0,63.52,0.00,0.00,TUNING,0.0,cool,1,2
2025-01-01 10:46:52,0.0,63.41,0.00,0.00,TUNING,0.0,cool,1,2
2025-01-01 10:46:54,0.0,63.30,0.00,0.00,TUNING,0.0,cool,1,2
2025-01-01 10:46:56,0.0,63.19,0.00,0.00,TUNING,0.0,cool,1,2
2025-01-01 10:46:58,0.0,63.08,0.00,0.00,TUNING,0.0,cool,1,2
2025-01-01 10:47:00,0.0,62.98,0.00,0.00,TUNING,0.0,cool,1,2
2025-01-01 10:47:02,0.0,62.87,0.00,0.00,TUNING,0.0,cool,1,2
2025-01-01 10:47:04,0.0,62.76,0.00,0.00,TUNING,0.0,cool,1,2
2025-01-01 10:47:06,0.0,62.65,0.00,0.00,TUNING,0.0,cool,1,2
2025-01-01 10:47:08,0.0,62.54,0.00,0.00,TUNING,0.0,cool,1,2
2025-01-01 10:47:10,0.0,62.44,0.00,0.00,TUNING,0.0,cool,1,2
2025-01-01 10:47:12,0.0,62.33,0.00,0.00,TUNING,0.0,cool,1,2
2025-01-01 10:47:14,0.0,62.22,0.00,0.00,TUNING,0.0,cool,1,2
2025-01-01 10:47:16,0.0,62.12,0.00,0.00,TUNING,0.0,cool,1,2
2025-01-01 10:47:18,0.0,62.01,0.00,0.00,TUNING,0.0,cool,1,2
2025-01-01 10:47:20,0.0,61.91,0.00,0.00,TUNING,0.0,cool,1,2
2025-01-01 10:47:22,0.0,61.80,0.00,0.00,TUNING,0.0,cool,1,2
2025-01-01 10:47:24,0.0,61.70,0.00,0.00,TUNING,0.0,cool,1,2
2025-01-01 10:47:26,0.0,61.59,0.00,0.00,TUNING,0.0,cool,1,2
2025-01-01 10:47:28,0.0,61.49,0.00,0.00,TUNING,0.0,cool,1,2
2025-01-01 10:47:30,0.0,61.38,0.00,0.00,TUNING,0.0,cool,1,2
2025-01-01 10:47:32,0.0,61.28,0.00,0.00,TUNING,0.0,cool,1,2
2025-01-01 10:47:34,0.0,61.18,0.00,0.00,TUNING,0.0,cool,1,2
2025-01-01 10:47:36,0.0,61.07,0.00,0.00,TUNING,0.0,cool,1,2
2025-01-01 10:47:38,0.0,60.97,0.00,0.00,TUNING,0.0,cool,1,2
2025-01-01 10:47:40,0.0,60.87,0.00,0.00,TUNING,0.0,cool,1,2
2025-01-01 10:47:42,0.0,60.76,0.00,0.00,TUNING,0.0,cool,1,2
2025-01-01 10:47:44,0.0,60.66,0.00,0.00,TUNING,0.0,cool,1,2
2025-01-01 10:47:46,0.0,60.56,0.00,0.00,TUNING,0.0,cool,1,2
2025-01-01 10:47:48,0.0,60.46,0.00,0.00,TUNING,0.0,cool,1,2
2025-01-01 10:47:50,0.0,60.36,0.00,0.00,TUNING,0.0,cool,1,2
2025-01-01 10:47:52,0.0,60.26,0.00,0.00,TUNING,0.0,cool,1,2
2025-01-01 10:47:54,0.0,60.16,0.00,0.00,TUNING,0.0,cool,1,2
2025-01-01 10:47:56,0.0,60.06,0.00,0.00,TUNING,0.0,cool,1,2
2025-01-01 10:47:58,0.0,59.96,0.00,0.00,TUNING,0.0,cool,1,2
2025-01-01 10:48:00,0.0,59.86,0.00,0.00,TUNING,0.0,cool,1,2
2025-01-01 10:48:02,0.0,59.76,0.00,0.00,TUNING,0.0,cool,1,2
2025-01-01 10:48:04,0.0,59.66,0.00,0.00,TUNING,0.0,cool,1,2
2025-01-01 10:48:06,0.0,59.56,0.00,0.00,TUNING,0.0,cool,1,2
2025-01-01 10:48:08,0.0,59.46,0.00,0.00,TUNING,0.0,cool,1,2
2025-01-01 10:48:10,0.0,59.36,0.00,0.00,TUNING,0.0,cool,1,2
2025-01-01 10:48:12,0.0,59.26,0.00,0.00,TUNING,0.0,cool,1,2
2025-01-01 10:48:14,0.0,59.17,0.00,0.00,TUNING,0.0,cool,1,2
2025-01-01 10:48:16,0.0,59.07,0.00,0.00,TUNING,0.0,cool,1,2
2025-01-01 10:48:18,0.0,58.97,0.00,0.00,TUNING,0.0,cool,1,2
2025-01-01 10:48:20,0.0,58.87,0.00,0.00,TUNING,0.0,cool,1,2
2025-01-01 10:48:22,0.0,58.78,0.00,0.00,TUNING,0.0,cool,1,2
2025-01-01 10:48:24,0.0,58.68,0.00,0.00,TUNING,0.0,cool,1,2
2025-01-01 10:48:26,0.0,58.59,0.00,0.00,TUNING,0.0,cool,1,2
2025-01-01 10:48:28,0.0,58.49,0.00,0.00,TUNING,0.0,cool,1,2
2025-01-01 10:48:30,0.0,58.39,0.00,0.00,TUNING,0.0,cool,1,2
2025-01-01 10:48:32,0.0,58.30,0.00,0.00,TUNING,0.0,cool,1,2
2025-01-01 10:48:34,0.0,58.20,0.00,0.00,TUNING,0.0,cool,1,2
2025-01-01 10:48:36,0.0,58.11,0.00,0.00,TUNING,0.0,cool,1,2
2025-01-01 10:48:38,0.0,58.01,0.00,0.00,TUNING,0.0,cool,1,2
2025-01-01 10:48:40,0.0,57.92,0.00,0.00,TUNING,0.0,cool,1,2
2025-01-01 10:48:42,0.0,57.83,0.00,0.00,TUNING,0.0,cool,1,2
2025-01-01 10:48:44,0.0,57.73,0.00,0.00,TUNING,0.0,cool,1,2
2025-01-01 10:48:46,0.0,57.64,0.00,0.00,TUNING,0.0,cool,1,2
2025-01-01 10:48:48,0.0,57.55,0.00,0.00,TUNING,0.0,cool,1,2
2025-01-01 10:48:50,0.0,57.45,0.00,0.00,TUNING,0.0,cool,1,2
2025-01-01 10:48:52,0.0,57.36,0.00,0.00,TUNING,0.0,cool,1,2
2025-01-01 10:48:54,0.0,57.27,0.00,0.00,TUNING,0.0,cool,1,2
2025-01-01 10:48:56,0.0,57.18,0.00,0.00,TUNING,0.0,cool,1,2
2025-01-01 10:48:58,0.0,57.08,0.00,0.00,TUNING,0.0,cool,1,2
2025-01-01 10:49:00,0.0,56.99,0.00,0.00,TUNING,0.0,cool,1,2
2025-01-01 10:49:02,0.0,56.90,0.00,0.00,TUNING,0.0,cool,1,2
2025-01-01 10:49:04,0.0,56.81,0.00,0.00,TUNING,0.0,cool,1,2
2025-01-01 10:49:06,0.0,56.72,0.00,0.00,TUNING,0.0,cool,1,2
2025-01-01 10:49:08,0.0,56.63,0.00,0.00,TUNING,0.0,cool,1,2
2025-01-01 10:49:10,0.0,56.54,0.00,0.00,TUNING,0.0,cool,1,2
2025-01-01 10:49:12,0.0,56.45,0.00,0.00,TUNING,0.0,cool,1,2
2025-01-01 10:49:14,0.0,56.36,0.00,0.00,TUNING,0.0,cool,1,2
2025-01-01 10:49:16,0.0,56.27,0.00,0.00,TUNING,0.0,cool,1,2
2025-01-01 10:49:18,0.0,56.18,0.00,0.00,TUNING,0.0,cool,1,2
2025-01-01 10:49:20,0.0,56.09,0.00,0.00,TUNING,0.0,cool,1,2
2025-01-01 10:49:22,0.0,56.00,0.00,0.00,TUNING,0.0,cool,1,2
2025-01-01 10:49:24,0.0,55.91,0.00,0.00,TUNING,0.0,cool,1,2
2025-01-01 10:49:26,0.0,55.83,0.00,0.00,TUNING,0.0,cool,1,2
2025-01-01 10:49:28,0.0,55.74,0.00,0.00,TUNING,0.0,cool,1,2
2025-01-01 10:49:30,0.0,55.65,0.00,0.00,TUNING,0.0,cool,1,2
2025-01-01 10:49:32,0.0,55.56,0.00,0.00,TUNING,0.0,cool,1,2
2025-01-01 10:49:34,0.0,55.48,0.00,0.00,TUNING,0.0,cool,1,2
2025-01-01 10:49:36,0.0,55.39,0.00,0.00,TUNING,0.0,cool,1,2
2025-01-01 10:49:38,0.0,55.30,0.00,0.00,TUNING,0.0,cool,1,2
2025-01-01 10:49:40,0.0,55.22,0.00,0.00,TUNING,0.0,cool,1,2
2025-01-01 10:49:42,0.0,55.13,0.00,0.00,TUNING,0.0,cool,1,2
2025-01-01 10:49:44,0.0,55.04,0.00,0.00,TUNING,0.0,cool,1,2
2025-01-01 10:49:46,0.0,54.96,0.00,0.00,TUNING,0.0,cool,1,2
2025-01-01 10:49:48,0.0,54.87,0.00,0.00,TUNING,0.0,cool,1,2
2025-01-01 10:49:50,0.0,54.79,0.00,0.00,TUNING,0.0,cool,1,2
2025-01-01 10:49:52,0.0,54.70,0.00,0.00,TUNING,0.0,cool,1,2
2025-01-01 10:49:54,0.0,54.62,0.00,0.00,TUNING,0.0,cool,1,2
2025-01-01 10:49:56,0.0,54.53,0.00,0.00,TUNING,0.0,cool,1,2
2025-01-01 10:49:58,0.0,54.45,0.00,0.00,TUNING,0.0,cool,1,2
